,title,url,publication_date,source_id,category_id,author_id,source_type,summary
0,Verifican precios en los combustibles,https://diariolahuella.com/verifican-que-gasolineras-apliquen-los-nuevos-precios-en-los-combustibles/,2023-11-14T08:42:27-06:00,Diario La Huella,Nacionales,,Web Page,Los equipos de inspección de la Defensoría del Consumidor comprueban que tanto los precios exhibidos como los entregados en bombas corresponden a los establecidos. 
1,Incorporarán recursos a instituciones para reforzar su funcionamiento,https://diariolahuella.com/incorporaran-recursos-a-instituciones-para-reforzar-su-funcionamiento/,2023-11-13T18:35:50-06:00,Diario La Huella,Nacionales,,Web Page,"La buena y efectiva labor que realiza el área de Impuestos Internos del Ministerio de Hacienda, a través del plan antievasión y anticontrabando, ha permitido un incremento de ingresos que podrán ser incorporados al presupuesto de la nación."
2,Implementan novedoso sistema para asegurar la calidad del agua,https://diariolahuella.com/implementan-novedoso-sistema-para-asegurar-la-calidad-del-agua/,2023-11-13T15:02:39-06:00,Diario La Huella,Nacionales,,Web Page,"Este sistema tiene el objetivo de reforzar los protocolos de control de calidad en la Planta Potabilizadora Torogoz, el cual está compuesto por tres boyas alimentadas por energía solar que utilizan tecnología de ultrasonido para reducir la propagación de microalgas."
3,VIDEO | Automovilista desata acto de Intolerancia en San Miguel,https://diariolahuella.com/video-automovilista-desata-acto-de-intolerancia-en-san-miguel/,2023-11-13T14:56:13-06:00,Diario La Huella,Nacionales,,Web Page,"Un incidente de intolerancia ha sido captado en video y se viraliza en redes sociales, ocurriendo en San Miguel. "
4,Gobierno apuesta por el desarrollo tecnológico en el país,https://diariolahuella.com/gobierno-apuesta-por-el-desarrollo-tecnologico-en-el-pais/,2023-11-13T14:47:12-06:00,Diario La Huella,Nacionales,,Web Page,Esta iniciativa tiene como objetivo promover la inclusión social y el empoderamiento digital de estudiantes salvadoreños.
5,VIDEO | Inusual despedida: Velorio en una discoteca en el departamento de La Unión,https://diariolahuella.com/video-inusual-despedida-velorio-en-una-discoteca-en-el-departamento-de-la-union/,2023-11-13T14:30:27-06:00,Diario La Huella,Nacionales,,Web Page,Este fin de semana se realizó un velorio que aparentemente tuvo lugar en una discoteca en el departamento La Unión.
6,Patrullajes preventivos para evitar saqueos de huevos de tortuga ,https://diariolahuella.com/patrullajes-preventivos-para-evitar-saqueos-de-huevos-de-tortuga/,2023-11-13T14:00:05-06:00,Diario La Huella,Nacionales,,Web Page,"La recolección de los huevos de tortuga marina, y su traslado a viveros autorizados, son acciones que realizan a través de Misión Océano, para proteger los neonatos y preservar estas especies."
7,"FOTOS | Perro muerde a diputada de ARENA, Rosa Romero, mientras recorría territorio",https://diariolahuella.com/fotos-perro-muerde-a-diputada-de-arena-rosa-romero-mientras-recorria-territorio/,2023-11-13T12:06:11-06:00,Diario La Huella,Nacionales,,Web Page,"En un inusual incidente, la diputada de ARENA, Rosa Romero, sufrió un ataque por parte de un perro mientras recorría el territorio de La Paz."
8,Prevén lluvias aisladas para horas de la tarde ,https://diariolahuella.com/preven-lluvias-aisladas-para-horas-de-la-tarde/,2023-11-13T11:17:30-06:00,Diario La Huella,Nacionales,,Web Page,"Durante el día, el cielo estará de medio nublado a nublado."
9,"Mujer es condenada por exigir $1,500 a su víctima",https://diariolahuella.com/mujer-es-condenada-por-exigir-1500-a-su-victima/,2023-11-13T11:16:20-06:00,Diario La Huella,Nacionales,,Web Page,"En abril de 2009, la víctima denunció que era atemorizada por sujetos que se identificaban como miembros de la pandilla 18, quienes, a través de llamadas telefónicas, le exigían 1,500 dólares. "
10,Juramentan a integrantes la Junta Electoral de Votos en el Extranjero ,https://diariolahuella.com/juramentan-a-integrantes-la-junta-electoral-de-votos-en-el-extranjero/,2023-11-13T16:29:26-06:00,Diario La Huella,Política,,Web Page,"Por primera vez en la historia, los salvadoreños podrán votar de manera electrónica para elegir a presidente y vicepresidente de la República y diputados a la Asamblea Legislativa, en elecciones programas para el 4 de febrero de 2024."
11,Julia Evelyn sobre inscripción de Bukele: “A la oposición le cayó como balde de agua fría”,https://diariolahuella.com/julia-evelyn-sobre-inscripcion-de-bukele-a-la-oposicion-le-cayo-como-balde-de-agua-fria/,2023-11-13T09:31:11-06:00,Diario La Huella,Política,,Web Page,"Para Martínez, los candidatos de oposición estaban confiados e ilusionados en que el Presidente Bukele no se inscribiría para buscar un segundo mandato, porque el gobierno de EE.UU. iba a intervenir su candidatura."
12,FMLN reclama el pago de la deuda política,https://diariolahuella.com/fmln-reclama-el-pago-de-la-deuda-politica/,2023-11-13T09:27:19-06:00,Diario La Huella,Política,,Web Page,“Hay una realidad de incumplimiento de Ley. Todos los partidos tienen por derecho a recibir este financiamiento (deuda política)”: Diputada Anabel Belloso.
13,Anuncian más presupuesto para entrega de becas,https://diariolahuella.com/anuncian-mas-presupuesto-para-entrega-de-becas/,2023-11-10T09:15:02-06:00,Diario La Huella,Política,,Web Page,Ernesto Castro destacó que el apoyo de este tipo de iniciativas fomenta el desarrollo de los menores de edad y contribuye a que se conviertan en ciudadanos de bien. 
14,"Abogado constitucionalista sobre recursos de nulidad: “Se puede estar en esa discusión, pero no le veo futuro en esa parte”",https://diariolahuella.com/abogado-constitucionalista-sobre-recursos-de-nulidad-se-puede-estar-en-esa-discusion-pero-no-le-veo-futuro-en-esa-parte/,2023-11-09T10:32:06-06:00,Diario La Huella,Política,,Web Page,"El partido ARENA y Nuestro Tiempo, han presentado solicitudes de nulidad a la inscripción del candidato presidencial de Nuevas Ideas."
15,Luis Parada dice que la seguridad en El Salvador es una “ilusión”,https://diariolahuella.com/luis-parada-dice-que-la-seguridad-en-el-salvador-es-una-ilusion/,2023-11-07T09:37:55-06:00,Diario La Huella,Política,,Web Page,"El Salvador se ha convertido en uno de los países más seguros de la región, tras la implementación del Plan Control Territorial y el Régimen de Excepción, según datos del Ejecutivo."
16,Diputados del PARLACEN abordan temas de interés para la región y de beneficio para salvadoreños,https://diariolahuella.com/diputados-del-parlacen-abordan-temas-de-interes-para-la-region-y-de-beneficio-para-salvadorenos/,2023-11-06T12:12:47-06:00,Diario La Huella,Política,,Web Page,"Durante las diferentes sesiones, los parlamentarios europeos, centroamericanos y sudamericanos intercambiaron experiencias, compartieron problemas comunes y buscaron soluciones conjuntas para hacer frente a una realidad global."
17,ARENA pide al TSE anular inscripción de Nayib Bukele,https://diariolahuella.com/arena-pide-al-tse-anular-inscripcion-de-nayib-bukele/,2023-11-06T10:49:35-06:00,Diario La Huella,Política,,Web Page,"El Organismo Colegiado aprobó la inscripción de la fórmula presidencial de Nuevas Ideas con cuatro de cinco votos, ya que el magistrado Julio Olivo se abstuvo."
18,Afluencia masiva en consulados de EE. UU. para tramitar el DUI y votar por primera vez,https://diariolahuella.com/afluencia-masiva-en-consulados-de-ee-uu-para-tramitar-el-dui-y-votar-por-primera-vez/,2023-11-04T14:03:59-06:00,Diario La Huella,Política,,Web Page,"También se están realizando jornadas móviles para tramitar el documento por: primera vez, renovación y modificación, para acercar el servicio a los connacionales. "
19,Magistrado del TSE afín al FMLN se abstiene de votar por inscripción de candidatura presidencial de Nayib Bukele,https://diariolahuella.com/magistrado-del-tse-afin-al-fmln-se-abstiene-de-votar-por-inscripcion-de-candidatura-presidencial-de-nayib-bukele/,2023-11-03T14:48:45-06:00,Diario La Huella,Política,,Web Page,"De acuerdo con el ente colegiado, esta inscripción obtuvo cuatro votos a favor y la abstención de Olivo, luego de corroborar que cumplen los requisitos legales."
20,Alerta en Islandia por terremotos y riesgo de erupción volcánica,https://diariolahuella.com/alerta-en-islandia-por-terremotos-y-riesgo-de-erupcion-volcanica/,2023-11-13T13:58:52-06:00,Diario La Huella,Internacionales,,Web Page,"Islandia está llena de fisuras que han originado más de 120 volcanes, siendo algunos de ellos de Europa, de los cuales 33 todavía siguen activos a día de hoy. "
21,"Hallan sin vida al “magistrade” Jesús Ociel Baena Saucedo en Aguascalientes, México",https://diariolahuella.com/hallan-sin-vida-al-magistrade-jesus-ociel-baena-saucedo-en-aguascalientes-mexico/,2023-11-13T11:00:47-06:00,Diario La Huella,Internacionales,,Web Page," Baena Saucedo fue encontrado muerto dentro de una casa, en Punta del Cielo, Aguascalientes, junto a otra persona.






"
22,Google anuncia eliminación de cuentas inactivas de Gmail para reforzar la seguridad digital,https://diariolahuella.com/google-anuncia-eliminacion-de-cuentas-inactivas-de-gmail-para-reforzar-la-seguridad-digital/,2023-11-10T11:56:55-06:00,Diario La Huella,Internacionales,,Web Page,"A partir del 1 de diciembre, Google comenzará a eliminar cuentas personales de Gmail que no hayan mostrado actividad en los últimos dos años. Esta medida, anunciada como parte de una revisión en sus políticas de inactividad, busca proteger a los usuarios y mejorar la seguridad en el entorno digital."
23,Atacan convoy del presidente de Palestina,https://diariolahuella.com/atacan-convoy-del-presidente-de-palestina/,2023-11-07T15:30:04-06:00,Diario La Huella,Internacionales,,Web Page,El diario Milliyet precisa que un guardaespaldas del mandatario palestino resultó herido por el ataque.
24,Crisis en aeropuerto de Hamburgo resuelta: Padre detenido y menor a salvo,https://diariolahuella.com/crisis-en-aeropuerto-de-hamburgo-resuelta-padre-detenido-y-menor-a-salvo/,2023-11-05T12:55:08-06:00,Diario La Huella,Internacionales,,Web Page,"Una tensa situación de rehenes que paralizó el Aeropuerto de Hamburgo durante 16 horas llegó a su fin con la liberación de una niña de 4 años y la detención de su padre. El incidente, que comenzó con disparos y cócteles molotov, culminó sin heridos pero con fuertes repercusiones en las operaciones del aeropuerto."
25,Papa Francisco insta al cese de combates entre Israel y Palestina y pide ayuda humanitaria para Gaza,https://diariolahuella.com/papa-francisco-insta-al-cese-de-combates-entre-israel-y-palestina-y-pide-ayuda-humanitaria-para-gaza/,2023-11-05T12:27:58-06:00,Diario La Huella,Internacionales,,Web Page,"En un ferviente llamado a la paz, el Papa Francisco ha solicitado un cese inmediato de los enfrentamientos entre Israel y Palestina, enfatizando la necesidad de asistencia humanitaria urgente para la devastada región de Gaza y la liberación de los rehenes."
26,Elon Musk revela detalles de su IA con “sentido del humor” para competir con ChatGPT,https://diariolahuella.com/elon-musk-revela-detalles-de-su-ia-con-sentido-del-humor-para-competir-con-chatgpt/,2023-11-04T21:18:33-06:00,Diario La Huella,Internacionales,,Web Page,El magnate dueño de Tesla y SpaceX adelantó que la herramienta de inteligencia artificial estará disponible en breve para los suscriptores premium de la red social.
27,Hombre retiene a sus hijos como rehenes y provoca caos en el aeropuerto de Hamburgo,https://diariolahuella.com/hombre-retiene-a-sus-hijos-como-rehenes-y-provoca-caos-en-el-aeropuerto-de-hamburgo/,2023-11-04T16:08:30-06:00,Diario La Huella,Internacionales,,Web Page,"Un sujeto armado que mantenía como rehenes a sus dos hijos en un auto irrumpió en la pista del aeropuerto alemán, lo que obligó a suspender todas las operaciones."
28,El Papa Francisco desvela su elección en la eterna pregunta: ¿Maradona o Messi?,https://diariolahuella.com/el-papa-francisco-desvela-su-eleccion-en-la-eterna-pregunta-maradona-o-messi/,2023-11-02T17:42:55-06:00,Diario La Huella,Internacionales,,Web Page,"En una entrevista exclusiva, el Papa Francisco mantiene en vilo al mundo al revelar su elección en la eterna pregunta: ¿Maradona o Messi?"
29,Elon Musk ajusta el programa de monetización de su red social X para impulsar la precisión informativa,https://diariolahuella.com/elon-musk-ajusta-el-programa-de-monetizacion-de-su-red-social-x-para-impulsar-la-precision-informativa/,2023-10-30T19:54:38-06:00,Diario La Huella,Internacionales,,Web Page,"Musk anuncia un cambio en el programa de monetización para promover la precisión en los contenidos, restringiendo los ingresos de mensajes corregidos por la comunidad."
30,El Salvador seguirá potenciando el turismo en Oriente a través del surf,https://diariolahuella.com/el-salvador-seguira-potenciando-el-turismo-en-oriente-a-traves-del-surf/,2023-11-13T15:33:32-06:00,Diario La Huella,Deportes,,Web Page,"Mediante la visión del Presidente Nayib Bukele, el Gobierno está construyendo infraestructura de acceso en Punta Mango."
31,Técnico de la Selecta: “Curazao nos va a exigir”,https://diariolahuella.com/tecnico-de-la-selecta-curazao-nos-va-a-exigir/,2023-11-10T15:00:12-06:00,Diario La Huella,Deportes,,Web Page,"Rubén de la Barrera habló de lo que se espera en los próximos amistosos de la selección en contra de Curazao. Además, dijo no saber qué es “un proceso” en el fútbol."
32,El Latinoamericano de Surf 2023 arranca en playa Las Flores,https://diariolahuella.com/el-latinoamericano-de-surf-2023-arranca-en-playa-las-flores/,2023-11-09T14:57:20-06:00,Diario La Huella,Deportes,,Web Page,"Con la participación de 197 surfistas procedentes de 18 países, comenzó este jueves el Latinoamericano de Surf 2023 en playa Las Flores, de San Miguel."
33,Liberan al padre del futbolista colombiano Luis Díaz,https://diariolahuella.com/liberan-al-padre-del-futbolista-colombiano-luis-diaz/,2023-11-09T11:38:34-06:00,Diario La Huella,Deportes,,Web Page,La guerrilla del ELN entregó al señor Luis Manuel Díaz en la región fronteriza entre Colombia y Venezuela.
34,Castigan y multan a aficionado por actos de racismo contra futbolista,https://diariolahuella.com/castigan-y-multan-a-aficionado-por-actos-de-racismo-contra-futbolista/,2023-11-08T13:31:22-06:00,Diario La Huella,Deportes,,Web Page,La Premier League no anda con minuciosidades en aspectos tan preocupantes como el aumento de casos de racismo en los campos de fútbol.
35,Atletas salvadoreños se despiden con cuatro medallas de Santiago 2023,https://diariolahuella.com/atletas-salvadorenos-se-despiden-con-cuatro-medallas-de-santiago-2023/,2023-11-05T20:28:05-06:00,Diario La Huella,Deportes,,Web Page,"¡Con la frente en alto! El Salvador finalizó su participación con un oro, una plata y dos bronces en el medallero de los XIX Juegos Panamericanos Santiago 2023."
36,Real Madrid empata en casa y pierde el liderato de la Liga de España,https://diariolahuella.com/real-madrid-empata-en-casa-y-pierde-el-liderato-de-la-liga-de-espana/,2023-11-05T16:34:50-06:00,Diario La Huella,Deportes,,Web Page,El equipo blanco buscó la portería del Rayo Vallecano durante todo el encuentro sin ningún tipo de éxito. Marcador final cero a cero.
37,Mundial 2034 se organizará en Arabia Saudita,https://diariolahuella.com/mundial-2034-se-organizara-en-arabia-saudita/,2023-11-01T15:51:15-06:00,Diario La Huella,Deportes,,Web Page,"El presidente de la FIFA informó que esa edición de la Copa del Mundo se disputará en el país de Medio Oriente. ""Eso está haciendo que el fútbol sea verdaderamente global"", expresó."
38,"Aitana Bonmatí Conca, del FC Barcelona, se corona como la nueva Balón de Oro en 2023",https://diariolahuella.com/aitana-bonmati-conca-del-fc-barcelona-se-corona-como-la-nueva-balon-de-oro-en-2023/,2023-10-30T18:14:29-06:00,Diario La Huella,Deportes,,Web Page,Bonmatí Conca se alza con el Balón de Oro tras una temporada de éxitos en el FC Barcelona y un brillante desempeño en el Mundial de Australia y Nueva Zelanda
39,Jude Bellingham del Real Madrid gana el Trofeo Kopa al Mejor Jugador Joven de la temporada 2022/23,https://diariolahuella.com/jude-bellingham-del-real-madrid-gana-el-trofeo-kopa-al-mejor-jugador-joven-de-la-temporada-2022-23/,2023-10-30T16:24:42-06:00,Diario La Huella,Deportes,,Web Page,Bellingham supera a la competencia para reclamar el Trofeo Kopa como Mejor Jugador Joven del Año 2022/23
40,BINAES: El Salvador despierta a una nueva era cultural en el corazón del Centro Histórico,https://diariolahuella.com/binaes-el-salvador-despierta-a-una-nueva-era-cultural-en-el-corazon-del-centro-historico/,2023-11-14T01:08:07-06:00,Diario La Huella,Opinión,,Web Page,"Esta joya arquitectónica no solo modernizará el Centro Histórico, sino que abrirá sus páginas al pasado y al futuro, conectando con la historia de la nación y promoviendo la cultura y la educación. 

"
41,El Salvador renace bajo el liderazgo del Presidente Bukele,https://diariolahuella.com/el-salvador-renace-bajo-el-liderazgo-del-presidente-bukele/,2023-11-05T23:53:18-06:00,Diario La Huella,Opinión,,Web Page,"Hoy en día, tenemos un país que, sin importar cuánto intenten negarlo unos pocos, nos convierte en pequeños gigantes…"
42,Honorando a los ausentes: Recordando a nuestros seres queridos en el Día de los Fieles Difuntos,https://diariolahuella.com/honorando-a-los-ausentes-recordando-a-nuestros-seres-queridos-en-el-dia-de-los-fieles-difuntos/,2023-11-02T12:33:43-06:00,Diario La Huella,Opinión,,Web Page,"En este Día de los Fieles Difuntos, nos unimos en un acto de amor y memoria para honrar a quienes ya no están entre nosotros. Recordamos no solo a nuestros seres queridos que partieron en paz, sino también a aquellos que fueron víctimas de la violencia que oscureció nuestra historia. Este editorial es un tributo a su memoria y un llamado a la reflexión sobre el impacto de la violencia en nuestras vidas."
43,«Multipolaridad viene a sustituir al neocolonialismo»: Alexander Khokhólikov,https://diariolahuella.com/multipolaridad-viene-a-sustituir-al-neocolonialismo-alexander-khokholikov/,2023-10-12T18:06:57-06:00,Diario La Huella,Opinión,,Web Page,
44,"«Palestina, la injusticia lleva a la violencia»: Marwan Burini, Embajador de Palestina en El Salvador",https://diariolahuella.com/palestina-la-injusticia-lleva-a-la-violencia-marwan-burini-embajador-de-palestina-en-el-salvador/,2023-10-12T17:06:53-06:00,Diario La Huella,Opinión,,Web Page,
45,Exigían $100 semanales en concepto de “renta”,https://diariolahuella.com/exigian-100-semanales-en-concepto-de-renta/,2023-08-09T02:26:07-06:00,Diario La Huella,Opinión,,Web Page,
46,La oposición y su obsesión con Bukele,https://diariolahuella.com/la-oposicion-y-su-obsesion-con-bukele/,2023-07-27T16:53:37-06:00,Diario La Huella,Opinión,,Web Page,
47,El renacer político en El Salvador: La caída de los partidos tradicionales,https://diariolahuella.com/el-renacer-politico-en-el-salvador-la-caida-de-los-partidos-tradicionales/,2023-07-17T14:06:02-06:00,Diario La Huella,Opinión,,Web Page,
48,La indignación que debería sentir Joel Sánchez es la de pertenecer al partido más corrupto de la historia,https://diariolahuella.com/la-indignacion-que-deberia-sentir-joel-sanchez-es-la-de-pertenecer-al-partido-mas-corrupto-de-la-historia/,2023-07-17T12:48:50-06:00,Diario La Huella,Opinión,,Web Page,
49,"Pacto de Corrupto: Se gustan, pero se asustan",https://diariolahuella.com/pacto-de-corrupto-se-gustan-pero-se-asustan/,2023-05-23T16:36:01-06:00,Diario La Huella,Opinión,,Web Page,
50,Chino Flores asegura que nueva Biblioteca Nacional es gracias a la gestión del FMLN,https://diariolahuella.com/chino-flores-asegura-que-nueva-biblioteca-nacional-es-gracias-a-la-gestion-del-fmln/,2023-11-15T09:40:48-06:00,Diario La Huella,Política,,Web Page,"El candidato a la Presidencia del FMLN también dejó entrever que el pueblo salvadoreño es ignorante, por lo que dijo que deben aprovechar la nueva biblioteca."
51,Empresas de seguridad que violenten derechos de empleados pagarán multas millonarias ,https://diariolahuella.com/empresas-de-seguridad-que-violenten-derechos-de-empleados-pagaran-multas-millonarias/,2023-11-16T08:06:40-06:00,Diario La Huella,Nacionales,,Web Page,Las empresas de seguridad tendrán que aplicar jornadas de trabajo de 8 horas tal como lo dice el Código de Trabajo. 
52,“Voice For Change”: El lado social de Miss Universo,https://diariolahuella.com/voice-for-change-el-lado-social-de-miss-universo/,2023-11-16T00:45:23-06:00,Diario La Huella,Nacionales,,Web Page,"
Durante esta gala, las 88 aspirantes lucieron radiantes entre vestidos de noche, gala, bikinis y trajes de baño; desatando gritos eufóricos en los asistentes.
"
53,Incendio consume taller automotriz en barrio La Vega,https://diariolahuella.com/incendio-consume-taller-automotriz/,2023-11-15T22:01:02-06:00,Diario La Huella,Nacionales,,Web Page,"Dolores Orantes, de 65 años, fue atendida tras sufrir una descompensación por inhalación de humo."
54,Talentosos salvadoreño diseñó el escenario de Miss Universo 2023 ,https://diariolahuella.com/talentosos-salvadoreno-diseno-el-escenario-de-miss-universo-2023/,2023-11-15T18:48:19-06:00,Diario La Huella,Nacionales,,Web Page,"En 2014 se trasladó a Nueva York y fundó Yellow Studio, donde actualmente dirige un equipo global de expertos para crear una amplia gama de producciones y eventos a escala mundial."
55,Múltiple accidente de tránsito deja varios lesionados en calle a Mariona,https://diariolahuella.com/multiple-accidente-de-transito-deja-varios-lesionados-en-calle-a-mariona/,2023-11-15T17:27:11-06:00,Diario La Huella,Nacionales,,Web Page,Siete vehículos y una coaster de la Ruta 6 están involucrados en el percance vial. 
56,Autoridades siguen extrayendo a criminales en el país ,https://diariolahuella.com/autoridades-siguen-extrayendo-a-criminales-en-el-pais/,2023-11-15T16:18:20-06:00,Diario La Huella,Nacionales,,Web Page,Este criminal será procesado por el delito de agrupaciones ilícitas y pagará con décadas en prisión.
57,Hoy inicia la competencia preliminar de Miss Universo 2023,https://diariolahuella.com/hoy-inicia-la-competencia-preliminar-de-miss-universo-2023/,2023-11-15T15:07:32-06:00,Diario La Huella,Nacionales,,Web Page,"Este miércoles 15 de noviembre se llevará a cabo la competencia preliminar, en donde se podrán ver a las candidatas modelando sus trajes de baño y vestidos de noche."
58,El Salvador cuenta con la biblioteca más grande toda la región ,https://diariolahuella.com/el-salvador-cuenta-con-la-biblioteca-mas-grande-toda-la-region/,2023-11-15T14:03:53-06:00,Diario La Huella,Nacionales,,Web Page,"Estos 24 mil metros cuadrados de construcción en comparación a los 4,900 metros cuadrados de la biblioteca anterior, estará abierta las 24 horas del día y los siete días de la semana. "
59,Lanzan moderna plataforma en línea de permiso especial de ingreso al país,https://diariolahuella.com/lanzan-moderna-plataforma-en-linea-de-permiso-especial-de-ingreso-al-pais/,2023-11-15T14:03:35-06:00,Diario La Huella,Nacionales,,Web Page,La nueva plataforma es 100 % en línea y aplica para ciudadanos de una lista de 110 países del mundo.
60,Cada 27 de mes exigía la renta a su víctima,https://diariolahuella.com/cada-27-de-mes-exigia-la-renta-a-su-victima/,2023-11-15T13:58:13-06:00,Diario La Huella,Nacionales,,Web Page,"Durante la vista, tres testigos, junto con audios, documentos y fotos de operativos policiales, demostraron la participación directa de Blas en múltiples extorsiones a un comerciante."
61,Al menos cuatro apuñalados en campus de universidad en EE. UU.,https://diariolahuella.com/al-menos-cuatro-apunalados-en-campus-de-universidad-en-ee-uu/,2023-11-14T13:12:44-06:00,Diario La Huella,Internacionales,,Web Page,"El sospechoso, identificado como Jacoby Johnson, un estudiante de 23 años de edad, huyó después del ataque, pero fue detenido por la policía del campus minutos después."
62,Acerca del 10º aniversario del golpe de Estado en Ucrania,https://diariolahuella.com/acerca-del-10o-aniversario-del-golpe-de-estado-en-ucrania/,2023-11-27T13:26:45-06:00,Diario La Huella,Opinión,Edgar Torres,Web Page,Por Alexander Khokhólikov.
63,"Habilitan internet satelital en parque Benjamín Bloom, en Nahuizalco",https://diariolahuella.com/habilita-internet-satelital-en-parque-benjamin-bloom-en-nahuizalco/,2023-11-30T13:17:11-06:00,Diario La Huella,Nacionales,Tatiana Tobar,Web Page,"El Gobierno del Presidente Bukele continúa mejorando la conectividad de los salvadoreños, mediante la instalación de internet satelital gratuito y de alta calidad en espacios públicos."
64,Sujeto fingía querer comprar motos para luego robarlas ,https://diariolahuella.com/sujeto-fingia-querer-comprar-motos-para-luego-robarlas/,2023-11-30T12:59:10-06:00,Diario La Huella,Nacionales,Lourdes Rodríguez,Web Page,Durante el procedimiento se le incautó una motocicleta con reporte de robo.
65,VIDEO | Operación Ucrania: Desarticulan cancha completa de la pandilla 18 en Santa Ana,https://diariolahuella.com/video-operacion-ucrania-desarticulan-cancha-completa-de-la-pandilla-18-en-santa-ana/,2023-11-30T11:51:43-06:00,Diario La Huella,Nacionales,Edgar Torres,Web Page,"Con la ejecución de la Operación Ucrania, se logró desarticular por completo una estructura criminal que mantenía en zozobra a la población en la zona occidental del país."
66,Isla Tasajera ya cuenta con centro de atención de emergencias 24/7,https://diariolahuella.com/isla-tasajera-ya-cuenta-con-centro-de-atencion-de-emergencias-24-7/,2023-11-30T10:59:07-06:00,Diario La Huella,Nacionales,Edgar Torres,Web Page,El Centro de Atención de Emergencias en la Isla Tasajera está equipado para brindar servicios de calidad las 24 horas del día. Cuenta con lanchas y helicópteros ambulancias. 
67,Presidente Bukele remodelará escuela y construirá polideportivo en Isla Tasajera,https://diariolahuella.com/presidente-bukele-remodelara-escuela-y-construira-polideportivo-en-isla-tasajera/,2023-11-30T10:38:49-06:00,Diario La Huella,Nacionales,Tatiana Tobar,Web Page,"El anuncio fue recibido entre aplausos y mucha alegría por los habitantes de la isla, quienes agradecieron al mandatario salvadoreño por su interés en generar mejores espacios y de calidad a los residentes de la zona."
68,Aguinaldo queda exento de impuestos,https://diariolahuella.com/aguinaldo-queda-exento-de-impuestos/,2023-11-30T10:35:37-06:00,Diario La Huella,Nacionales,Lourdes Rodríguez,Web Page,"Quienes obtengan un aguinaldo de $1,500 se ahorrarán $334 en Impuesto Sobre Renta y a quienes les corresponda un aguinaldo de $1,000 se ahorrarán $180."
69,Un día cómo hoy:  Hace 8 años El Salvador dio el último adiós a Don Armando Bukele,https://diariolahuella.com/un-dia-como-hoy-hace-8-anos-el-salvador-dio-el-ultimo-adios-a-don-armando-bukele/,2023-11-30T09:17:13-06:00,Diario La Huella,Nacionales,Edgar Torres,Web Page,"Hoy se le recuerda con mucho respeto y admiración, resaltando todo lo bueno que aportó al país."
70,Programa de Migración Laboral: verifican condiciones de salvadoreños que trabajan en Canadá ,https://diariolahuella.com/programa-de-migracion-laboral-verifican-condiciones-de-salvadorenos-que-trabajan-en-canada/,2023-11-30T08:44:37-06:00,Diario La Huella,Nacionales,Lourdes Rodríguez,Web Page,"El objetivo de este encuentro es conocer su situación laboral, estado de salud y las condiciones en términos integrales."
71,Fuerte golpe a las estructuras criminales que operan en el país ,https://diariolahuella.com/fuerte-golpe-a-las-estructuras-criminales-que-operan-en-el-pais/,2023-11-30T07:31:25-06:00,Diario La Huella,Nacionales,Lourdes Rodríguez,Web Page,"De acuerdo a las investigaciones, los delitos por los que serán procesados son: homicidio agravado, robo agravado, extorsión y feminicido agravado en grado de tentativa."
72,Presidente Bukele da un paso histórico en atención médica de emergencia con inauguración de Base Operativa del SEM,https://diariolahuella.com/presidente-bukele-da-un-paso-historico-en-atencion-medica-de-emergencia-con-inauguracion-de-base-operativa-del-sem/,2023-11-29T23:02:03-06:00,Diario La Huella,Nacionales,Redacción,Web Page,"Además, utiliza un sistema policial para organizar las ambulancias, teniendo un control en tiempo real del movimiento del vehículo y del médico encargado."
73,Eduardo Escobar pide que se pague deuda política a partidos para una “competencia equitativa”,https://diariolahuella.com/eduardo-escobar-pide-que-se-pague-deuda-politica-a-partidos-para-una-competencia-equitativa/,2023-11-30T08:49:19-06:00,Diario La Huella,Política,Edgar Torres,Web Page,
74,Ernesto Castro: “El voto en el exterior es un gran avance en la reivindicación de los derechos de la diáspora”,https://diariolahuella.com/ernesto-castro-el-voto-en-el-exterior-es-un-gran-avance-en-la-reivindicacion-de-los-derechos-de-la-diaspora/,2023-11-29T13:47:59-06:00,Diario La Huella,Política,Edgar Torres,Web Page,El diputado presidente confirmó que el TSE hará una prueba piloto en el exterior para verificar el método que se utilizará en las elecciones de 2024.
75,Carlos Acevedo: Votar por candidatos de la oposición es desperdiciar el voto,https://diariolahuella.com/carlos-acevedo-votar-por-candidatos-de-la-oposicion-es-desperdiciar-el-voto/,2023-11-27T08:57:23-06:00,Diario La Huella,Política,Tatiana Tobar,Web Page,"Acevedo también destacó la alta popularidad del presidente y candidato de Nuevas Ideas, Nayib Bukele. "
76,ARENA pide la deuda política para hacer su trabajo,https://diariolahuella.com/arena-pide-la-deuda-politica-para-hacer-su-trabajo/,2023-11-27T08:10:27-06:00,Diario La Huella,Política,Tatiana Tobar,Web Page,"“El Ministerio de Hacienda no ha dado dinero de la deuda política, lo que buscan es que no exista ningún contrincante, se excusan en tonterías para no entregarlo”, dijo la diputada. "
77,ARENA dice que darán “la sorpresa” en elecciones 2024,https://diariolahuella.com/arena-dice-que-daran-la-sorpresa-en-elecciones-2024/,2023-11-24T09:57:36-06:00,Diario La Huella,Política,Tatiana Tobar,Web Page,La última encuesta presentada por Cid Gallup señala que el partido de derecha no tiene ni la mínima posibilidad de ganar las elecciones en el 2024.
78,Julia Evelyn Martínez pronostica victoria de Presidente Bukele en “segunda vuelta”,https://diariolahuella.com/julia-evelyn-martinez-pronostica-victoria-de-presidente-bukele-en-segunda-vuelta/,2023-11-24T08:53:49-06:00,Diario La Huella,Política,Edgar Torres,Web Page,"La economista dijo que el mandatario “ha perdido popularidad”, a pesar de que las últimas encuestas indican un respaldo mayoritario hacia el Presidente Bukele, superando el 90 % de aprobación."
79,Exasesor de ARENA afirma que Nayib Bukele está muy por encima de sus contendientes,https://diariolahuella.com/exasesor-de-arena-afirma-que-nayib-bukele-esta-muy-por-encima-de-sus-contendientes/,2023-11-24T08:53:31-06:00,Diario La Huella,Política,Tatiana Tobar,Web Page,Araujo también lamento que el Gobierno no haya entregado la deuda política a los partidos que participarán en las elecciones del 2024.
80,Mario Durán inscribe su candidatura como candidato a alcalde por San Salvador Centro ,https://diariolahuella.com/mario-duran-inscribe-su-candidatura-como-candidato-a-alcalde-por-san-salvador-centro/,2023-11-23T11:51:56-06:00,Diario La Huella,Política,Lourdes Rodríguez,Web Page,"El ambiente se ve influenciado por el color cyan, música y esperanza de la continuación  de proyectos exitosos implementados recientemente por Durán en la capital."
81,“El Chino” Flores confirma que el FMLN no tiene dinero para financiar su campaña,https://diariolahuella.com/el-chino-flores-confirma-que-el-fmln-no-tiene-dinero-para-financiar-su-campana/,2023-11-23T09:57:58-06:00,Diario La Huella,Política,Edgar Torres,Web Page,"Por otra parte, Manuel Flores aseguró que se inscribió para ganar la Presidencia en las elecciones de 2024."
82,Abogado opositor: Evitemos que gane Nayib Bukele,https://diariolahuella.com/abogado-opositor-evitemos-que-gane-nayib-bukele/,2023-11-22T09:17:27-06:00,Diario La Huella,Política,Tatiana Tobar,Web Page,El abogado opositor ha presentado diferentes iniciativas ante el Tribunal Supremo Electoral (TSE) para evitar que Nayib Bukele participe en las elecciones presidenciales. 
83,Rescatan a 41 obreros atrapados en un túnel de India desde hace 17 días,https://diariolahuella.com/rescatan-a-los-41-obreros-atrapados-en-un-tunel-de-india-desde-hace-17-dias/,2023-11-28T10:27:34-06:00,Diario La Huella,Internacionales,Lourdes Rodríguez,Web Page,"Después de numerosos contratiempos, ingenieros militares y mineros cavaron manualmente para abrirse paso entre las rocas."
84,VIDEO | ¿Con las manos en la masa? Hombre sin ropa huye en una motocicleta,https://diariolahuella.com/video-con-las-manos-en-la-masa-hombre-sin-ropa-huye-en-una-motocicleta/,2023-11-24T11:26:50-06:00,Diario La Huella,Internacionales,Edgar Torres,Web Page,"Hasta el momento, se desconoce el motivo exacto del por el que el hombre iba huyendo. De acuerdo con comentarios, escapaba tras haber sido encontrado teniendo relaciones con su amante."
85,Daniel Noboa asume la presidencia de Ecuador e implementará un Estado de Excepción para combatir criminalidad,https://diariolahuella.com/daniel-noboa-asume-la-presidencia-de-ecuador-e-implementara-un-estado-de-excepcion-para-combatir-criminalidad/,2023-11-23T13:30:28-06:00,Diario La Huella,Internacionales,Redacción,Web Page,"Entre sus primeras medidas estarán un decreto de estado de excepción y el envío de dos proyectos ley económicos urgentes a la Asamblea Nacional.
 


"
86,Un hombre armado con un cuchillo hiere a cinco personas en Dublín,https://diariolahuella.com/un-hombre-armado-con-un-cuchillo-hiere-a-cinco-personas-en-dublin/,2023-11-23T13:28:48-06:00,Diario La Huella,Internacionales,Edgar Torres,Web Page,"La policía irlandesa detiene al sospechoso, que también se había apuñalado a sí mismo, y descarta que se trate de un atentado. Algunos viandantes se abalanzaron sobre él para evitar que atacara a más personas."
87,Régimen de Daniel Ortega prohíbe mural en honor a Sheynnis Palacios y desata controversia en Nicaragua,https://diariolahuella.com/regimen-de-daniel-ortega-prohibe-mural-en-honor-a-sheynnis-palacios-y-desata-controversia-en-nicaragua/,2023-11-22T18:49:25-06:00,Diario La Huella,Internacionales,Redacción,Web Page,"La joven de 23 años, originaria del municipio de Diriamba, se ha convertido en la inspiración de muchos."
88,Javier Milei agradece al Presidente Bukele tras su victoria en Argentina,https://diariolahuella.com/javier-milei-agradece-al-presidente-bukele-tras-su-victoria-en-argentina/,2023-11-22T10:50:49-06:00,Diario La Huella,Internacionales,Tatiana Tobar,Web Page,"“Gracias a cada uno de los líderes del mundo que se comunicaron conmigo para felicitar a nuestro equipo y manifestarme sus buenos deseos para el futuro de la Argentina”, expresó el presidente electo de Argentina."
89,Varios muertos tras caída de autobús a un barranco en Perú,https://diariolahuella.com/varios-muertos-tras-caida-de-autobus-a-un-barranco-en-peru/,2023-11-21T13:12:49-06:00,Diario La Huella,Internacionales,Edgar Torres,Web Page,"Alrededor de 20 personas murieron al caer un autobús por un barranco de 300 metros en la región andina de Ancash, en el norte de Perú, informaron medios internacionales."
90,El Salvador felicita la República Argentina por el desarrollo de sus elecciones presidenciales ,https://diariolahuella.com/el-salvador-felicita-la-republica-argentina-por-el-desarrollo-de-sus-elecciones-presidenciales/,2023-11-19T21:46:56-06:00,Diario La Huella,Internacionales,Lourdes Rodríguez,Web Page,El Salvador expresó el interés para continuar fortaleciendo las relaciones bilaterales entre ambos países. 
91,Hoy se desarrollan las elecciones presidenciales en Argentina ,https://diariolahuella.com/hoy-se-desarrollan-las-elecciones-presidenciales-en-argentina/,2023-11-19T08:29:50-06:00,Diario La Huella,Internacionales,Lourdes Rodríguez,Web Page,"Para esta segunda vuelta, los sondeos prevén un empate técnico, y los dos candidatos intentan hasta último minuto atraer a los indecisos, cruciales para el triunfo."
92,VIDEO | La Laguna Roja se disfraza del Nilo: El fenómeno de desinformación que conquistó TikTok,https://diariolahuella.com/la-laguna-roja-se-disfraza-del-nilo-el-fenomeno-de-desinformacion-que-conquisto-tiktok/,2023-11-18T12:26:36-06:00,Diario La Huella,Internacionales,Rodrigo Carpio,Web Page,"En una era donde la velocidad de la información supera a la de su verificación, un reciente fenómeno viral en TikTok ha puesto de manifiesto la capacidad del algoritmo para confundir a una laguna chilena con el legendario Río Nilo."
93,Se cumplen 9 años de la muerte de Roberto Gómez Bolaños,https://diariolahuella.com/se-cumplen-9-anos-de-la-muerte-de-roberto-gomez-bolanos/,2023-11-28T15:29:13-06:00,Diario La Huella,Trends,Edgar Torres,Web Page,"El 28 de noviembre de 2014, en Cancún, México, falleció Roberto Gómez Bolaños, más conocido como Chespirito."
94,Forbes nombra a Bad Bunny como “El Rey del Pop”,https://diariolahuella.com/forbes-nombra-a-bad-bunny-como-el-rey-del-pop/,2023-11-28T13:38:30-06:00,Diario La Huella,Trends,Edgar Torres,Web Page,"El título de “El Rey del Pop” es como popularmente se le conoce a Michael Jackson, por lo que este nombramiento de Forbes ha causado controversia entre los usuarios de redes sociales."
95,"Muere ‘Mamita’, abuelita hondureña viral con su nieto en TikTok",https://diariolahuella.com/muere-mamita-abuelita-hondurena-viral-con-su-nieto-en-tiktok/,2023-11-27T20:34:54-06:00,Diario La Huella,Trends,Edgar Torres,Web Page,"El hondureño Jonathan Osorto, tiktoker que se viralizó por hacer contenido de comedia junto a su abuelita, doña Isabel Montoya, reveló con un conmovedor vídeo que la originaria de Choluteca, al sur de Honduras, falleció ayer, domingo."
96,La luna llena de Castor podrá ser visible esta noche en El Salvador,https://diariolahuella.com/la-luna-llena-de-castor-podra-ser-visible-esta-noche-en-el-salvador/,2023-11-27T14:25:26-06:00,Diario La Huella,Trends,Edgar Torres,Web Page,"La luna llena de noviembre es también conocida como la “Luna del Castor”, debido a que estos roedores semiacuáticos se preparan para el invierno, en el hemisferio norte."
97,VIDEO | Luis Miguel sufre una aparatosa caída en pleno concierto en México,https://diariolahuella.com/video-luis-miguel-sufre-una-aparatosa-caida-en-pleno-concierto-en-mexico/,2023-11-27T11:03:08-06:00,Diario La Huella,Trends,Edgar Torres,Web Page,"¡El show debe continuar! El famoso cantante pese a la caída, se levantó y siguió con la presentación como si nada hubiera pasado, aún ante la preocupación del público."
98,John Legend cautivó con su música en la gala final de Miss Universo,https://diariolahuella.com/john-legend-cautivo-con-su-musica-en-la-gala-final-de-miss-universo/,2023-11-19T17:08:36-06:00,Diario La Huella,Trends,Edgar Torres,Web Page,"El Gimnasio Nacional recibió anoche a uno de los máximos exponentes del soul y el R&B: John Legend, durante la gala final de Miss Universo El Salvador 2023."
99,Nicaragua triunfa: Sheynnis Palacios coronada como Miss Universo 2023,https://diariolahuella.com/nicaragua-triunfa-sheynnis-palacios-coronada-como-miss-universo-2023/,2023-11-18T22:06:37-06:00,Diario La Huella,Trends,Redacción,Web Page,"En una noche llena de sorpresas y emociones, Sheynnis Palacios de Nicaragua ha sido coronada Miss Universo 2023, marcando un hito histórico para su país en el prestigioso certamen internacional celebrado en El Salvador."
100,El mundo en San Salvador: Anuncian el Top20 en la noche cumbre de Miss Universo,https://diariolahuella.com/el-mundo-en-san-salvador-anuncian-el-top20-en-la-noche-cumbre-de-miss-universo/,2023-11-18T20:22:21-06:00,Diario La Huella,Trends,Rodrigo Carpio,Web Page,"En una vibrante noche de gala en el Gimnasio Nacional José Adolfo Pineda de San Salvador, se han anunciado las 20 primeras finalistas de Miss Universo 2023. Candidatas de todo el mundo, desde Nicaragua hasta Nepal, pasando por España y Sudáfrica, se destacan en una celebración de la diversidad y la cultura global."
101,"La deslumbrante tiara ‘Force of Good’, protagonizará la coronación de Miss Universo 2023",https://diariolahuella.com/la-deslumbrante-tiara-force-of-good-protagonizara-la-coronacion-de-miss-universo-2023/,2023-11-18T11:54:50-06:00,Diario La Huella,Trends,Rodrigo Carpio,Web Page,"En una noche que promete ser inolvidable, la ceremonia de coronación de Miss Universo 2023, que se llevará a cabo este 18 de noviembre, contará con un elemento de lujo y belleza inigualable: la tiara 'Force of Good'. Diseñada por la renombrada empresa Mouawad, esta joya es el símbolo de la majestuosidad y el prestigio del concurso."
102,Muere una fan de Taylor Swift antes del concierto en Río de Janeiro,https://diariolahuella.com/muere-una-fan-de-taylor-swift-antes-del-concierto-en-rio-de-janeiro/,2023-11-18T09:16:20-06:00,Diario La Huella,Trends,Edgar Torres,Web Page,"La esperada presentación de Taylor Swift y su ""The Eras Tour"" en Río de Janeiro se ha visto opacada por la muerte de una fan. Altas temperaturas y la falta de agua potable como la posible causa de su muerte."
103,Selecta femenina consolida su invicto,https://diariolahuella.com/selecta-femenina-consolida-su-invicto/,2023-11-30T14:13:11-06:00,Diario La Huella,Deportes,Edgar Torres,Web Page,La azul y blanco cerrará la fase de grupos el próximo domingo 3 de diciembre en el estadio Mágico Gonzáles ante Nicaragua.
104,Listos los cuartos de final del Apertura 2023,https://diariolahuella.com/listos-los-cuartos-de-final-del-apertura-2023/,2023-11-27T21:04:29-06:00,Diario La Huella,Deportes,Edgar Torres,Web Page,Quedaron definidos los ocho equipos clasificados a la siguiente fase de eliminación directa por el título nacional.
105,Ángel Di María confirma que se retira de la Selección Argentina después de la Copa América,https://diariolahuella.com/angel-di-maria-confirma-que-se-retira-de-la-seleccion-argentina-despues-de-la-copa-america/,2023-11-23T22:09:00-06:00,Diario La Huella,Deportes,Edgar Torres,Web Page,"“El Fideo”, como es conocido el jugador argentino, acumula más de 130 partidos con la Albiceleste y múltiples títulos."
106,Fiscalía española pide nueve años de prisión para Dani Alves,https://diariolahuella.com/fiscalia-espanola-pide-nueve-anos-de-prision-para-dani-alves/,2023-11-23T11:37:14-06:00,Diario La Huella,Deportes,Edgar Torres,Web Page,"El jugador brasileño, que inicialmente negó conocer a la chica, cambió varias veces de versión pero acabó admitiendo que habían mantenido relaciones, aunque consensuadas, según del caso."
107,Vuelve el fútbol al estadio Cuscatlán con el clásico entre Águila y FAS,https://diariolahuella.com/vuelve-el-futbol-al-estadio-cuscatlan-con-el-clasico-entre-aguila-y-fas/,2023-11-22T14:47:20-06:00,Diario La Huella,Deportes,Edgar Torres,Web Page,"El duelo entre emplumados y tigrillos se disputará este miércoles 22 de noviembre a las 8 de la noche, pero la localidad de sol general no estará habilitada."
108,“El último baile” entre Messi y Cristiano en el aire,https://diariolahuella.com/el-ultimo-baile-entre-messi-y-cristiano-en-el-aire/,2023-11-21T20:59:27-06:00,Diario La Huella,Deportes,Edgar Torres,Web Page,"Hoy En Arabia Saudí se anunció el duelo entre el Al Nassr de Cristiano Ronaldo y el Inter Miami de Messi para febrero de 2024, pero el club norteamericano indicó que la información es inexacta."
109,La Selecta cierra el 2023 sin ganar un solo partido,https://diariolahuella.com/la-selecta-cierra-el-2023-sin-ganar-un-solo-partido/,2023-11-21T14:12:52-06:00,Diario La Huella,Deportes,Edgar Torres,Web Page,La Selecta ganó por última vez el 4 de junio del 2022 contra Granada. El marcador fue 3-1 a favor de la Azul y Blanco. Ahora ya suma más de un año sin victorias.
110,La Selecta empata contra Curazao y ya suma 16 juegos sin ganar,https://diariolahuella.com/la-selecta-empata-contra-curazao-y-ya-suma-16-juegos-sin-ganar/,2023-11-17T12:46:37-06:00,Diario La Huella,Deportes,Edgar Torres,Web Page,Ni con un entrenador nuevo ni con una renovación de plantel la selección nacional mayor de El Salvador logra ganar un partido. 
111,Histórico logro en Seguridad: 497 días sin asesinatos en El Salvador bajo la gestión de Bukele,https://diariolahuella.com/historico-logro-en-seguridad-497-dias-sin-asesinatos-en-el-salvador-bajo-la-gestion-de-bukele/,2023-12-01T19:27:22-06:00,Diario La Huella,Nacionales,Redacción,Web Page,"Noviembre destacó por periodos prolongados sin reportar homicidios, como el lapso del 5 al 12 de noviembre y del 20 al 27 de este mes, ambos con ocho jornadas consecutivas sin muertes violentas."
112,Gobierno de El Salvador impulsa acceso a internet de alta velocidad en cuatro puntos estratégicos de Cabañas,https://diariolahuella.com/gobierno-de-el-salvador-impulsa-acceso-a-internet-de-alta-velocidad-en-cuatro-puntos-estrategicos-de-cabanas/,2023-12-01T18:48:32-06:00,Diario La Huella,Nacionales,Redacción,Web Page,La iniciativa forma parte de un proyecto más amplio que busca llevar internet de calidad a más de 100 parques y plazas públicas en todo el territorio antes de que concluya el segundo semestre del próximo año. 
113,Salvadoreños divulgan fotografía de pandillero que pidió DUI a trabajador para que sea capturado,https://diariolahuella.com/salvadorenos-divulgan-fotografia-de-pandillero-que-pidio-dui-a-trabajador-para-que-sea-capturado/,2023-12-01T17:11:19-06:00,Diario La Huella,Nacionales,Redacción,Web Page,"Un pandillero se aproximó a un repartidor de pedidos a domicilio, utilizando tácticas intimidantes para solicitar su identificación. Sin embargo, en lugar de ceder ante la intimidación, el repartidor demostró astucia al filmar el encuentro y compartir el video en redes sociales."
114,Exsecretario privado de Saca debe de reintegrar al Estado más de $309 mil,https://diariolahuella.com/exsecretario-privado-de-saca-debe-de-reintegrar-al-estado-mas-de-309-mil/,2023-12-01T14:29:08-06:00,Diario La Huella,Nacionales,Tatiana Tobar,Web Page,La solicitud fue presentada por la FGR ante la Cámara Segunda de lo Civil de la Primera Sección del Centro de San Salvador.
115,El Salvador alberga delegaciones de América Latina para discutir sobre inversión en educación para Primera Infancia,https://diariolahuella.com/el-salvador-alberga-delegaciones-de-america-latina-para-discutir-sobre-inversion-en-educacion-para-primera-infancia/,2023-12-01T14:19:58-06:00,Diario La Huella,Nacionales,Lourdes Rodríguez,Web Page,"La Primera Dama de la República, Gabriela de Bukele, agradeció al Banco Mundial por elegir al país para ser sede de este encuentro."
116,"Un total de 2,447 armas de fuego son destruidas",https://diariolahuella.com/un-total-de-2447-armas-de-fuego-son-destruidas/,2023-12-01T13:57:19-06:00,Diario La Huella,Nacionales,Tatiana Tobar,Web Page,Este proceso de verificación inició el pasado 6 de noviembre y concluyó este día con la destrucción total de las armas.
117,Ofrecen alternativa a comerciantes ambulantes para que no vendan en calles recuperadas,https://diariolahuella.com/ofrecen-alternativa-a-comerciantes-ambulantes-para-que-no-vendan-en-calles-recuperadas/,2023-12-01T13:10:14-06:00,Diario La Huella,Nacionales,Lourdes Rodríguez,Web Page,El edil hizo un llamado a los comerciantes para que pueden presentarse a la Dirección de Mercados de San Salvador. 
118,Sujeto rentaba vehículos y luego los vendía a otras personas en redes sociales,https://diariolahuella.com/sujeto-rentaba-vehiculos-y-luego-los-vendia-a-otras-personas-en-redes-sociales/,2023-12-01T11:27:37-06:00,Diario La Huella,Nacionales,Edgar Torres,Web Page,"Este sujeto rentaba vehículos por medio de plataformas digitales y cuando ya los tenía bajo su responsabilidad los vendía a otras personas, indicaron las autoridades."
119,Nuevo Estadio de El Salvador tendrá capacidad para 50 mil espectadores,https://diariolahuella.com/nuevo-estadio-de-el-salvador-tendra-capacidad-para-50-mil-espectadores/,2023-12-01T10:46:57-06:00,Diario La Huella,Nacionales,Tatiana Tobar,Web Page,"La construcción del nuevo Estadio Nacional no solo ofrecerá un escenario deportivo moderno, también contribuirá a la dinamización de la economía del país con la generación de nuevos empleos."
120,Dos personas fueron liberadas tras quedar atrapadas bajo un camión ,https://diariolahuella.com/dos-personas-fueron-liberadas-tras-quedar-atrapadas-bajo-un-camion/,2023-12-01T10:38:56-06:00,Diario La Huella,Nacionales,Lourdes Rodríguez,Web Page,Los agentes se mantuvieron en la escena hasta despejar por completo la vía.
121,Gobierno creará Sistema Estadístico Nacional,https://diariolahuella.com/gobierno-creara-sistema-estadistico-nacional/,2023-11-30T15:28:47-06:00,Diario La Huella,Política,Edgar Torres,Web Page,La Comisión de Economía de la Asamblea Legislativa inició el estudio de la ley y llamó a funcionarios del Banco Central de Reserva (BCR) para su estudio.
122,¿Castigo o premio? Dueño de licorería en Sudáfrica hace que ladrones beban todo lo que robaron,https://diariolahuella.com/castigo-o-premio-dueno-de-licoreria-en-sudafrica-hace-que-ladrones-beban-todo-lo-que-robaron/,2023-12-01T16:01:52-06:00,Diario La Huella,Internacionales,Edgar Torres,Web Page,En el video publicado en redes sociales se observa a uno de los ladrones pidiendo que les permitan dejar de ingerir bebidas embriagantes bajo amenaza.
123,Conoce los precios para el partido entre Inter de Miami de Messi y La Selecta,https://diariolahuella.com/conoce-los-precios-para-el-partido-entre-inter-de-miami-de-messi-y-la-selecta/,2023-12-01T15:29:59-06:00,Diario La Huella,Deportes,Edgar Torres,Web Page,El partido de fútbol está programado que se desarrolle el próximo 19 de enero del 2024 en el estadio Cuscatlán.
124,El Salvador jugará un partido con Inter de Miami de Lionel Messi,https://diariolahuella.com/inter-de-miami-de-lionel-messi-enfrentara-a-la-seleccion-de-el-salvador/,2023-11-30T16:37:45-06:00,Diario La Huella,Deportes,Tatiana Tobar,Web Page,El partido se disputará el próximo 19 de enero de 2024 en el estadio Monumental Cuscatlán.
125,Gobierno continúa instalando controles vehiculares para garantizar la seguridad vial,https://diariolahuella.com/gobierno-continua-instalando-controles-vehiculares-para-garantizar-la-seguridad-vial/,2023-12-03T14:39:56-06:00,Diario La Huella,Nacionales,Edgar Torres,Web Page,"Durante la noche del sábado, se llevó a cabo un dispositivo de control vehicular con el objetivo de verificar que los conductores no circulen bajo los efectos del alcohol."
126,FOTOS | Salvadoreños disfrutaron del encendido del Árbol de Navidad más grande de El Salvador,https://diariolahuella.com/fotos-salvadorenos-disfrutaron-del-encendido-del-arbol-de-navidad-mas-grande-de-el-salvador/,2023-12-03T08:58:55-06:00,Diario La Huella,Nacionales,Edgar Torres,Web Page,La Plaza Divino Salvador del Mundo fue el escenario donde miles de familias disfrutaron de un gran espectáculo en un ambiente seguro y alegre que enmarca el inicio de la Navidad.
127,¡Mágica inauguración! Plaza Salvador del Mundo brilla con el árbol navideño más grande del país,https://diariolahuella.com/magica-inauguracion-plaza-salvador-del-mundo-brilla-con-el-arbol-navideno-mas-grande-del-pais/,2023-12-02T22:23:24-06:00,Diario La Huella,Nacionales,Redacción,Web Page,"Esta noche, niños, jóvenes y adultos disfrutando en un espacio renovado, con toda la seguridad y tranquilidad, en la Plaza Salvador del Mundo, San Salvador, marcando el inicio de la temporada navideña. "
128,Capturan a sujetos que se dedicaban a robar a punta de pistola ,https://diariolahuella.com/capturan-a-sujetos-que-se-dedicaban-a-robar-a-punta-de-pistola/,2023-12-02T18:55:37-06:00,Diario La Huella,Nacionales,Lourdes Rodríguez,Web Page,"Los delincuentes fueron capturados a bordo de una motocicleta, minutos después que de habían despojado de sus pertenencias, a punta de pistola, a dos personas."
129,VIDEO: Creadores de contenido sorprenden a una madre y sus hijas con un acto de bondad ,https://diariolahuella.com/creadores-de-contenido-sorprenden-a-una-madre-y-sus-hijas-con-un-acto-de-bondad/,2023-12-02T13:49:04-06:00,Diario La Huella,Nacionales,Lourdes Rodríguez,Web Page,"Los “Deschavetados” demostraron que, más allá de la diversión y el entretenimiento, también pueden ser agentes de cambio positivo en la sociedad."
130,Capturan a ebria que provocó la muerte de dos mujeres y lesiones en menor de edad ,https://diariolahuella.com/capturan-a-ebria-que-provoco-la-muerte-de-dos-mujeres-y-lesiones-en-menor-de-edad/,2023-12-02T11:36:51-06:00,Diario La Huella,Nacionales,Lourdes Rodríguez,Web Page,"La mujer planeó burlar la justicia, ya que se acercó a una delegación de Santa Ana a interponer una denuncia fingiendo que le habían robado la camioneta"
131,Vendedores de café mueren atropellados en Santa Ana ,https://diariolahuella.com/vendedores-de-cafe-mueren-atropellados-en-santa-ana/,2023-12-02T10:03:04-06:00,Diario La Huella,Nacionales,Lourdes Rodríguez,Web Page,La persona que resultó herida fue trasladada a hacía un hospital. 
132,Farmacéutica canadiense busca facilitar empleo a salvadoreños ,https://diariolahuella.com/farmaceutica-canadiense-busca-facilitar-empleo-a-salvadorenos/,2023-12-02T09:04:15-06:00,Diario La Huella,Nacionales,Lourdes Rodríguez,Web Page,El Salvador y Canadá continúan fortaleciendo lazos de cooperación. 
133,10 conductores peligrosos fueron sacados de circulación en las últimas horas ,https://diariolahuella.com/10-conductores-peligrosos-fueron-sacados-de-circulacion-en-las-ultimas-horas/,2023-12-02T08:45:47-06:00,Diario La Huella,Nacionales,Lourdes Rodríguez,Web Page,"Entre los detenidos, una conductora resultó con 154 mg/dl de alcohol en aire espirado, su acompañante, perdió el control e intentó agredir a uno de los equipos que se encontraban en el lugar. "
134,Capturan a pandillero que pidió DUI a trabajador; será enviado a prisión,https://diariolahuella.com/capturan-a-pandillero-que-pidio-dui-a-trabajador-sera-enviado-a-prision/,2023-12-01T20:58:01-06:00,Diario La Huella,Nacionales,Redacción,Web Page,"El Presidente Nayib Bukele expresó su rechazo a estas prácticas, afirmando: ""Los salvadoreños hemos decidido no volver al pasado"". "
135,Marc Anthony puso a bailar a los salvadoreños con el “Viviendo tour”,https://diariolahuella.com/marc-anthony-puso-a-bailar-a-los-salvadorenos-con-el-viviendo-tour/,2023-12-03T11:53:40-06:00,Diario La Huella,Trends,Edgar Torres,Web Page,El estadio Cuscatlán vibró con cada una de las canciones y éxitos que el cantante interpretó durante la noche del sábado.
136,Aficionados muestran su descontento por el sistema de venta de boletos para ver a Messi,https://diariolahuella.com/aficionados-muestran-su-descontento-por-el-sistema-de-venta-de-boletos-para-ver-a-messi/,2023-12-08T10:30:29-06:00,Diario La Huella,Deportes,Edgar Torres,Web Page,"En la madrugada de este viernes, los salvadoreños también se llevaron la sorpresa de que deben de pagar un recargo extra de boletería, para adquirir una entrada para el partido donde jugará Messi."
137,Santos de Pelé y Neymar desciende por primera vez en 115 años,https://diariolahuella.com/santos-de-pele-y-neymar-desciende-por-primera-vez-en-115-anos/,2023-12-07T13:49:29-06:00,Diario La Huella,Deportes,Edgar Torres,Web Page,"El histórico equipo descendió por primera vez en su historia de la primera división brasileña, tras perder en casa el último partido por 1-2 ante Fortaleza, en una derrota que provocó dolor en sus hinchas y el incendio de vehículos en los alrededores del estadio."
138,INDES y Cádiz CF continúan afinando detalles para el juego de homenaje al Mágico González,https://diariolahuella.com/indes-y-cadiz-cf-continuan-afinando-detalles-para-el-juego-de-homenaje-al-magico-gonzalez/,2023-12-07T11:18:31-06:00,Diario La Huella,Deportes,Edgar Torres,Web Page,"Por el momento falta terminar los procesos que manda la ley, así como la definición de fechas para concretar el viaje del equipo español a nuestro país, y del rival a enfrentar."
139,¡Leo Menjivar se proclama campeón con el Alajuelense!,https://diariolahuella.com/leo-menjivar-se-proclama-campeon-con-el-alajuelense/,2023-12-06T12:28:21-06:00,Diario La Huella,Deportes,Edgar Torres,Web Page,El futbolista salvadoreño Leo Menjívar es campeón de la primera edición de Copa Centroamericana. Alajuelense se impuso en la serie final al Real Estelí.
140,¡OFICIAL! Estos son los precios para ver a Messi jugar en el Estadio Cuscatlán,https://diariolahuella.com/oficial-estos-son-los-precios-para-ver-a-messi-jugar-en-el-estadio-cuscatlan/,2023-12-05T19:54:02-06:00,Diario La Huella,Deportes,Edgar Torres,Web Page,"Están confirmadas las participaciones de Messi, Sergio Busquets, Jordi Alba y, posiblemente, hasta la incorporación de Luis Suárez."
141,Selecta Femenina llega con paso perfecto a la Copa Oro,https://diariolahuella.com/selecta-femenina-llega-con-paso-perfecto-a-la-copa-oro/,2023-12-04T12:40:57-06:00,Diario La Huella,Deportes,Edgar Torres,Web Page,"El técnico de la Selecta Femenina dijo que se están buscando dos rivales internacionales de nivel, para prepararse de cara a lo que se viene en competiciones en 2024."
142,Accidentes de tránsito deja motociclistas lesionados en Chalatenango y carretera Litoral ,https://diariolahuella.com/accidentes-de-transito-deja-motociclistas-lesionados-en-chalatenango-y-carretera-litoral/,2023-12-08T18:11:54-06:00,Diario La Huella,Nacionales,Lourdes Rodríguez,Web Page,Las víctimas fueron trasladadas hacia un hospital. 
143,¿Por qué El Salvador no vende sus Bitcoin?,https://diariolahuella.com/por-que-el-salvador-no-vende-sus-bitcoin/,2023-12-08T17:07:45-06:00,Diario La Huella,Nacionales,Lourdes Rodríguez,Web Page,"A diferencia de los “expertos” que criticaron la decisión, el Gobierno posee una estrategia a largo plazo e integral que va más allá de una ganancia de trading y lo está demostrando, ahora que el país no vende al alza. "
144,VIDEO | Fortalecimiento del sistema penitenciario apoyo en la construcción de un nuevo El Salvador,https://diariolahuella.com/video-fortalecimiento-del-sistema-penitenciario-apoyo-en-la-construccion-de-un-nuevo-el-salvador/,2023-12-08T14:28:28-06:00,Diario La Huella,Nacionales,Edgar Torres,Web Page,La estrategia penitenciaria implementada por el Gobierno del Presidente Nayib Bukele ha logrado romper con décadas de un sistema carcelario lleno de precariedades y sin control.
145,Pandillero con amplio récord delictivo es capturado ,https://diariolahuella.com/pandillero-con-amplio-record-delictivo-es-capturado/,2023-12-08T14:12:38-06:00,Diario La Huella,Nacionales,Lourdes Rodríguez,Web Page,"De acuerdo al reporte de las autoridades, este criminal será remitido por el delito de agrupaciones ilícitas."
146,Nueva terminal aérea en Ilopango podrá atender a 40 mil viajeros al año,https://diariolahuella.com/nueva-terminal-aerea-en-ilopango-podra-atender-a-40-mil-viajeros-al-ano/,2023-12-08T13:37:22-06:00,Diario La Huella,Nacionales,Edgar Torres,Web Page,"El Gobierno del Presidente Bukele inauguró la nueva terminal de pasajeros en Ilopango, iniciativa que triplica la capacidad de recepción de personas."
147,Sistema de radioayuda contribuirá a la seguridad operativa en el Aeropuerto Internacional,https://diariolahuella.com/sistema-de-radioayuda-contribuira-a-la-seguridad-operativa-en-el-aeropuerto-internacional/,2023-12-08T10:55:59-06:00,Diario La Huella,Nacionales,Lourdes Rodríguez,Web Page,La introducción de esta tecnología en la terminal aérea marca un hito importante. 
148,Palabrero de la 18R que asesinó a salvadoreños honrados será sometido ante la justicia ,https://diariolahuella.com/palabrero-de-la-18r-que-asesino-a-salvadorenos-honrados-sera-sometido-ante-la-justicia/,2023-12-08T09:49:46-06:00,Diario La Huella,Nacionales,Lourdes Rodríguez,Web Page,"Junto a él, también fueron capturados otros tres pandilleros, por colaborar con los crímenes de este palabrero, a quien trasladaban de un lado a otro, extorsionaban y le cubrían las espaldas para burlar la justicia."
149,14 años en prisión para sujeto que atacó con arma de fuego a agente policial,https://diariolahuella.com/14-anos-en-prision-para-sujeto-que-ataco-con-arma-de-fuego-a-agente-policial/,2023-12-08T09:04:29-06:00,Diario La Huella,Nacionales,Edgar Torres,Web Page,"El hecho se registró en un sector del departamento de Ahuachapán, durante un procedimiento policial."
150,Estrategia Nacional de Fintech promoverá innovación de tecnología financiera,https://diariolahuella.com/estrategia-nacional-de-fintech-promovera-innovacion-de-tecnologia-financiera/,2023-12-08T08:54:41-06:00,Diario La Huella,Nacionales,Lourdes Rodríguez,Web Page,El 88 % de estas empresas de tecnología financiera planean crear nuevos productos y servicios en esta área.
151,"Giran órdenes de captura contra pandilleros, estafadores y delincuentes comunes en Zacatecoluca ",https://diariolahuella.com/giran-ordenes-de-captura-contra-pandilleros-estafadores-y-delincuentes-comunes-en-zacatecoluca/,2023-12-08T07:43:48-06:00,Diario La Huella,Nacionales,Lourdes Rodríguez,Web Page,"Entre los detenidos se encuentra Tatiana Gisselle Anzora Leiva, quien estafó a una persona vendiéndole un boleto de avión a España por $650, el cual nunca entregó. "
152,Analista político: Joel Sánchez a punto de abandonar la contienda presidencial,https://diariolahuella.com/analista-politico-joel-sanchez-a-punto-de-abandonar-la-contienda-presidencial/,2023-12-08T11:43:51-06:00,Diario La Huella,Política,Tatiana Tobar,Web Page,Este posible abandono de la candidatura por parte de Sánchez podría tener repercusiones significativas en el partido tricolor que ha venido sufriendo derrotas desde el 2009.
153,ARENA y FMLN bajo la sombra de la corrupción,https://diariolahuella.com/arena-y-fmln-bajo-la-sombra-de-la-corrupcion/,2023-12-08T08:41:40-06:00,Diario La Huella,Política,Tatiana Tobar,Web Page,Este rechazo por parte de la población no es un fenómeno aislado; responde a años de escándalos y acusaciones que han marcado la imagen de ARENA y FMLN.
154,“Yo no creo en las encuestas”: Marleni Funes,https://diariolahuella.com/yo-no-creo-en-las-encuestas-marleni-funes/,2023-12-07T13:52:06-06:00,Diario La Huella,Política,Tatiana Tobar,Web Page,"Esta postura no es nueva en el panorama político, algunos representantes de la oposición, han externado su poco interés en los datos que reflejan las encuestas, ante el decreciente respaldo de los salvadoreños a los partidos tradicionales."
155,Candidatos de oposición evalúan retirarse de la contienda por “falta de fondos”,https://diariolahuella.com/candidatos-de-oposicion-evaluan-retirarse-de-la-contienda-por-falta-de-fondos/,2023-12-07T08:37:51-06:00,Diario La Huella,Política,Edgar Torres,Web Page,"El abogado constitucionalista también pronostica que en las elecciones presidenciales del 2024, Nayib Bukele ganaría en primera vuelta con un amplio apoyo popular."
156,"“Creemos que Nuestro Tiempo pueda tener una bancada notable en la siguiente legislatura”, dice Andy Failer",https://diariolahuella.com/creemos-que-nuestro-tiempo-pueda-tener-una-bancada-notable-en-la-siguiente-legislatura-dice-andy-failer/,2023-12-06T08:48:11-06:00,Diario La Huella,Política,Tatiana Tobar,Web Page,"Failer señaló que la sociedad se encuentra impregnada de “miedo”, pero destacó hallazgos que, según él, podrían marcar la diferencia en el apoyo electoral."
157,VIDEO | “El Chino” Flores afirma que el Whisky es parte de la canasta básica,https://diariolahuella.com/video-el-chino-flores-afirma-que-el-whisky-es-parte-de-la-canasta-basica/,2023-12-05T21:16:14-06:00,Diario La Huella,Política,Edgar Torres,Web Page,"Según el candidato presidencial del partido FMLN, Manuel “El Chino” Flores, una botella de Whisky es parte de la canasta básica de los salvadoreños."
158,Chino Flores culpa a Nuevas Ideas de la posible desaparición del FMLN,https://diariolahuella.com/chino-flores-culpa-a-nuevas-ideas-de-la-posible-desaparicion-del-fmln/,2023-12-05T08:32:58-06:00,Diario La Huella,Política,Edgar Torres,Web Page,
159,Xavi Zablah: “El Presidente no descansará hasta que no tengamos el país que todos soñamos”,https://diariolahuella.com/xavi-zablah-el-presidente-no-descansara-hasta-que-no-tengamos-el-pais-que-todos-sonamos/,2023-12-03T21:02:33-06:00,Diario La Huella,Política,Edgar Torres,Web Page,"Con una multitudinaria convocatoria, Nuevas Ideas arrancó su camino para las Elecciones 2024 en El Salvador."
160,Ernesto Castro en el inicio de su campaña: “Somos el partido más grande en la historia del país”,https://diariolahuella.com/ernesto-castro-en-el-inicio-de-su-campana-somos-el-partido-mas-grande-en-la-historia-del-pais/,2023-12-03T20:15:52-06:00,Diario La Huella,Política,Edgar Torres,Web Page,"“Vamos hacer desaparecer a toda la oposición”, remarcó el diputado Castro, quien busca un segundo periodo en la Asamblea Legislativa por San Salvador."
161,Elefantes están muriendo de sed en Zimbabue,https://diariolahuella.com/elefantes-estan-muriendo-de-sed-en-zimbabue/,2023-12-08T09:19:15-06:00,Diario La Huella,Internacionales,Lourdes Rodríguez,Web Page,"El fenómeno de El Niño ha provocado un clima más cálido y seco durante todo el año, según medios internacionales."
162,"VIDEO | Liberan al expresidente peruano Alberto Fujimori por orden del Tribunal Constitucional, generando controversia",https://diariolahuella.com/video-liberan-al-expresidente-peruano-alberto-fujimori-por-orden-del-tribunal-constitucional-generando-controversia/,2023-12-06T17:51:23-06:00,Diario La Huella,Internacionales,Redacción,Web Page,Alberto Fujimori salió del penal de Barbadillo en una silla de ruedas y con el rostro cubierto por una mascarilla. 
163,Un tiroteo en la Universidad de Nevada en Las Vegas deja múltiples víctimas,https://diariolahuella.com/un-tiroteo-en-la-universidad-de-nevada-en-las-vegas-deja-multiples-victimas/,2023-12-06T15:17:25-06:00,Diario La Huella,Internacionales,Edgar Torres,Web Page,"La Policía de Las Vegas informó que estaba respondiendo a reportes sobre un tirador activo en el campus de la universidad. La Universidad advirtió a los estudiantes: “Corran, escóndanse, luchen”."
164,VIDEO | Múltiple accidente provocado por un tráiler deja varios heridos en Guatemala,https://diariolahuella.com/video-multiple-accidente-provocado-por-un-trailer-deja-varios-heridos-en-guatemala/,2023-12-05T18:40:54-06:00,Diario La Huella,Internacionales,Edgar Torres,Web Page,Alrededor de 25 vehículos fueron impactados por la unidad de transporte pesado. El accidente se registró en el carril con dirección hacia la Ciudad Capital.
165,Ataque armado en mina de oro en Perú dejó nueve muertos y 23 heridos,https://diariolahuella.com/ataque-armado-en-mina-de-oro-en-peru-dejo-nueve-muertos-y-23-heridos/,2023-12-04T11:01:09-06:00,Diario La Huella,Internacionales,Edgar Torres,Web Page,Sujetos armados irrumpieron el lugar y atacaron a disparos de manera indiscriminada. Posteriormente lanzaron explosivos dentro del socavón de la mina.
166,Hombre asesina a cuatro familiares y lesiona a dos policías en Nueva York,https://diariolahuella.com/hombre-asesina-a-cuatro-familiares-y-lesiona-a-dos-policias-en-nueva-york/,2023-12-03T18:45:30-06:00,Diario La Huella,Internacionales,Edgar Torres,Web Page,"En el lugar, la policía descubrió primero a un niño de 11 años gravemente herido frente a la casa, que luego murió en el hospital. En el interior, en dos habitaciones, fueron encontradas otras tres personas fallecidas."
167,Defensoría asegura reembolso para compradores de boletos de concierto de Rauw Alejandro,https://diariolahuella.com/defensoria-asegura-reembolso-para-compradores-de-boletos-de-concierto-de-rauw-alejandro/,2023-12-08T09:53:22-06:00,Diario La Huella,Trends,Tatiana Tobar,Web Page,"Este paso garantiza la protección de los derechos de los consumidores afectados, destacando el papel fundamental de la Defensoría en la defensa de sus intereses."
168,VIDEO | ¡Luisito Comunica no perdió sus dientes! Conoce la verdadera razón,https://diariolahuella.com/video-luisito-comunica-no-perdio-sus-dientes-conoce-la-verdadera-razon/,2023-12-07T21:07:50-06:00,Diario La Huella,Trends,Edgar Torres,Web Page,"El famoso influencer mexicano manifestó por sus historias de Instagram que todo fue parte de un plan, y lo que realmente pasó con sus dientes tiene que ver con una propaganda de marketing."
169,Daddy Yankee deja la música para ser predicador evangelista,https://diariolahuella.com/daddy-yankee-deja-la-musica-para-ser-predicador-evangelista/,2023-12-05T14:51:25-06:00,Diario La Huella,Trends,Edgar Torres,Web Page,"El artista puertorriqueño les adelantó a sus seguidores que estos eran sus últimos shows: ""Se acabó una historia y va a comenzar una nueva historia, un nuevo comienzo""."
170,Lanzan el primer vistazo de GTA VI y se confirma su fecha de lanzamiento,https://diariolahuella.com/lanzan-el-primer-vistazo-de-gta-vi-y-se-confirma-su-fecha-de-lanzamiento/,2023-12-05T10:40:39-06:00,Diario La Huella,Trends,Edgar Torres,Web Page,El tráiler oficial del afamado videojuego fue un éxito a pesar de las filtraciones: ¡1 millón de likes en menos de 10 minutos!
171,Villanos de Disney invaden navidad CIFCO,https://diariolahuella.com/villanos-de-disney-invaden-navidad-cifco/,2023-12-04T18:49:02-06:00,Diario La Huella,Trends,Tatiana Tobar,Web Page,"En esta ocasión, los enemigos más emblemáticos de los cuentos de hadas, como Jaffar, Cruella, Reina Mala, Malefica y Ursula, se reúnen en un castillo imponente y oscuro. "
172,El legado correcto del Presidente Bukele,https://diariolahuella.com/el-legado-correcto-del-presidente-bukele/,2023-12-18T10:33:43-06:00,Diario La Huella,Opinión,Lourdes Rodríguez,Web Page,"Más allá de cualquier consideración política, el mandatario ha logrado méritos reconocidos que han marcado hitos en un país acostumbrado a lo mínimo y al “No se puede”, mientras algunos se beneficiaban personalmente."
173,Otro fracaso de la FESFUT: Rubén de la Barrera deja la Selecta para dirigir un equipo de Portugal,https://diariolahuella.com/otro-fracaso-de-la-fesfut-ruben-de-la-barrera-deja-la-selecta-para-dirigir-un-equipo-de-portugal/,2023-12-18T18:22:53-06:00,Diario La Huella,Deportes,Redacción,Web Page,La FESFUT suma un nuevo fracaso a su gestión y ahora el reciente técnico se marcha para dirigir un equipo portugués.
174,Iván Barton entre los nominados al premio de mejor árbitro en 2023,https://diariolahuella.com/ivan-barton-entre-los-nominados-al-premio-de-mejor-arbitro-masculino-del-mundo-en-2023/,2023-12-12T11:22:32-06:00,Diario La Huella,Deportes,Tatiana Tobar,Web Page,IFFHS organiza cada año las votaciones y las estadísticas para coronar a los ganadores anuales en todas las categorías mundiales.
175,Iván Barton dirige partido de CR7 luego de la polémica entre México vs Honduras,https://diariolahuella.com/ivan-barton-dirige-partido-de-cr7-luego-de-la-polemica-entre-mexico-vs-honduras/,2023-12-11T22:19:34-06:00,Diario La Huella,Deportes,Edgar Torres,Web Page,"Luego de Tres semanas de permanecer en el ojo del huracán por su polémico trabajo en el México-Honduras, El salvadoreño reapareció, esta vez para dirigir en Arabia Saudita."
176,Premian desempeño de deportistas salvadoreños en gala Esfuerzo & Gloria,https://diariolahuella.com/premian-desempeno-de-deportistas-salvadorenos-en-gala-esfuerzo-gloria/,2023-12-11T13:35:58-06:00,Diario La Huella,Deportes,Edgar Torres,Web Page,"Una vez más, el INDES premió a los deportistas más destacados del año en una gala especial que iluminó el Centro Histórico de San Salvador. Ivonne Nóchez y Herbert Aceituno fueron reconocidos como los mejores deportistas de 2023."
177,Barça es goleado en casa por el Girona,https://diariolahuella.com/barca-es-goleado-en-casa-por-el-girona/,2023-12-10T16:53:51-06:00,Diario La Huella,Deportes,Edgar Torres,Web Page,El cuadro del Girona ganó y golpe al FC Barcelona en su campo. El equipo revelación de La Liga es el nuevo líder del campeonato por encima del Madrid.
178,"Impresoras Monocromáticas, ¿Por qué resultan ser tan útiles?",https://diariolahuella.com/impresoras-monocromaticas-por-que-resultan-ser-tan-utiles/,2023-12-11T11:10:33-06:00,Diario La Huella,Trends,Edgar Torres,Web Page,La impresión monocromática destaca por generar documentos de texto nítidos
179,Cae marero salvadoreño en Guatemala ,https://diariolahuella.com/cae-marero-salvadoreno-en-guatemala-2/,2023-12-17T14:16:31-06:00,Diario La Huella,Internacionales,Lourdes Rodríguez,Web Page,"Durante el procedimiento se le incautó una pistola calibre 9 milímetros y un celular, del cual realizaba llamadas a sus víctimas y se coordinaba con líderes de la pandilla. "
180,España incauta más de 11 toneladas de cocaína,https://diariolahuella.com/espana-incauta-mas-de-11-toneladas-de-cocaina/,2023-12-12T14:31:54-06:00,Diario La Huella,Internacionales,Tatiana Tobar,Web Page,La magnitud de esta operación subraya los esfuerzos de las autoridades para combatir el narcotráfico. 
181,Javier Milei toma posesión como nuevo presidente de Argentina,https://diariolahuella.com/javier-milei-toma-posesion-como-nuevo-presidente-de-argentina/,2023-12-10T11:09:37-06:00,Diario La Huella,Internacionales,Edgar Torres,Web Page,"""Hoy comienza una nueva era en Argentina"", aseguró Milei en su discurso inaugural en el que rompió con la tradición al no dirigirse al Congreso, sino a sus seguidores en la escalinata del edificio y de espaldas al Parlamento."
182,“Yo nunca dije que Christian Guevara se haya beneficiado económicamente”: Héctor Silva,https://diariolahuella.com/yo-nunca-dije-que-christian-guevara-se-haya-beneficiado-economicamente-hector-silva/,2023-12-18T14:01:19-06:00,Diario La Huella,Política,Tatiana Tobar,Web Page,"Silva aseguró que el propósito de sus “declaraciones no fue hacer una acusación específica por un delito al señor Christian Guevara""."
183,Héctor Silva se retracta de acusaciones contra Christian Guevara ,https://diariolahuella.com/hector-silva-se-retracta-de-acusaciones-contra-christian-guevara/,2023-12-18T11:44:14-06:00,Diario La Huella,Política,Lourdes Rodríguez,Web Page,"La suma de la demanda interpuesta por Guevara contra Silva, por difamación, es de $100 mil, que serán destinados para obras del Hospital de Niños Benjamín Bloom. "
184,TSE realiza simulacro para Voto Remoto en elecciones 2024,https://diariolahuella.com/tse-realiza-simulacro-para-voto-remoto-en-elecciones-2024/,2023-12-15T13:24:56-06:00,Diario La Huella,Política,Lourdes Rodríguez,Web Page,"De acuerdo al calendario electoral, la votación remota por internet iniciará el próximo 6 de enero y culminará el 4 de febrero."
185,Excatedrática de la UCA dice que capturados en Régimen de Excepción tienen derecho a votar,https://diariolahuella.com/excatedratica-de-la-uca-dice-que-capturados-en-regimen-de-excepcion-tienen-derecho-a-votar/,2023-12-15T09:43:10-06:00,Diario La Huella,Política,Tatiana Tobar,Web Page,"La opinión ha generado rechazo entre los usuarios de redes sociales, quienes ven estas declaraciones fuera de la realidad salvadoreña."
186,ARENA dice que combatirá a “los delincuentes y la corrupción” mejor que el Presidente Bukele,https://diariolahuella.com/arena-dice-que-combatira-a-los-delincuentes-y-la-corrupcion-mejor-que-el-presidente-bukele/,2023-12-15T08:32:05-06:00,Diario La Huella,Política,Tatiana Tobar,Web Page,"Durante los gobiernos del partido ARENA nacieron y fortalecieron las estructuras criminales que, durante años mantuvieron en zozobra al país. "
187,Héctor Silva intenta dilatar por séptima vez el caso de difamación por carecer de pruebas,https://diariolahuella.com/hector-silva-intenta-dilatar-por-septima-vez-el-caso-de-difamacion-por-carecer-de-pruebas/,2023-12-14T09:51:10-06:00,Diario La Huella,Política,Lourdes Rodríguez,Web Page,"Esta sería el séptimo intento de dilatar el juicio con el cual se le ha demandado a Hector Silva por $50 mil, que según declaraciones de Christian Guevara, serán destinados a obras el hospital Bloom."
188,ARENA dice que tiene propuestas para la gente que no son “inventadas”,https://diariolahuella.com/arena-dice-que-tiene-propuestas-para-la-gente-que-no-son-inventadas/,2023-12-13T09:08:20-06:00,Diario La Huella,Política,Tatiana Tobar,Web Page,El partido tricolor reconoció que algunos funcionarios decepcionaron a la ciudadanía al no cumplir con las expectativas. 
189,“La extinción de ARENA y el FMLN es casi segura en esta elección”: Excatedrática de la UCA,https://diariolahuella.com/la-extincion-de-arena-y-el-fmln-es-casi-segura-en-esta-eleccion-excatedratica-de-la-uca/,2023-12-11T14:27:24-06:00,Diario La Huella,Política,Tatiana Tobar,Web Page,"La incertidumbre se cierne sobre el destino de ARENA y FMLN, mientras la población se prepara para expresar su voluntad en las urnas. "
190,"Financistas han abandonado a partidos de oposición, según Director de Acción Ciudadana",https://diariolahuella.com/financistas-han-abandonado-a-partidos-de-oposicion-segun-director-de-accion-ciudadana/,2023-12-11T09:17:17-06:00,Diario La Huella,Política,Edgar Torres,Web Page,"Eduardo Escobar señaló que la razón por la que se retiraron los financistas de la oposición fue por la falta de poder político de los partidos de oposición. ""Ya no responden a sus intereses"", agregó el director de la asociación."
191,“La oposición ya está derrotada”: Evelyn Martínez,https://diariolahuella.com/la-oposicion-ya-esta-derrotada-evelyn-martinez/,2023-12-11T08:42:29-06:00,Diario La Huella,Política,Tatiana Tobar,Web Page,Las últimas encuestas han registrado resultados catastróficos para la oposición.
192,El Salvador busca impulsar la exploración de petróleo y gas con nuevas reformas legales,https://diariolahuella.com/el-salvador-busca-impulsar-la-exploracion-de-petroleo-y-gas-con-nuevas-reformas-legales/,2023-12-18T18:54:14-06:00,Diario La Huella,Nacionales,Redacción,Web Page,Estas reformas reflejan el compromiso de El Salvador en fortalecer su sector energético y abrir nuevas oportunidades para la inversión en exploración de recursos naturales.
193,“El milagro Bukele”: reducción de la violencia impulsa la economía de El Salvador,https://diariolahuella.com/el-milagro-bukele-reduccion-de-la-violencia-impulsa-la-economia-de-el-salvador/,2023-12-18T14:17:13-06:00,Diario La Huella,Nacionales,Lourdes Rodríguez,Web Page,"El artículo enfatiza que la reducción de homicidios sienta las bases para el crecimiento económico, siendo un atractivo para la inversión extranjera y el turismo. "
194,"Cerro Verde, uno de los destinos turísticos favoritos de los salvadoreños ",https://diariolahuella.com/cerro-verde-uno-de-los-destinos-turisticos-favoritos-de-los-salvadorenos/,2023-12-18T13:34:15-06:00,Diario La Huella,Nacionales,Lourdes Rodríguez,Web Page,La nueva plaza turística cuenta con increíbles vistas panorámicas del volcán de Izalco y el Lago de Coatepeque.
195,Imponen 20 años de cárcel a extorsionista,https://diariolahuella.com/imponen-20-anos-de-carcel-a-extorsionista/,2023-12-18T10:27:32-06:00,Diario La Huella,Nacionales,Tatiana Tobar,Web Page,La sentencia de 20 años para José Bonilla sirve como recordatorio de que el sistema legal está firmemente decidido a castigar a aquellos que amenazan la seguridad y la tranquilidad a los salvadoreños.  
196,Exitosas estrategias de seguridad son referente internacional en el combate de las pandillas ,https://diariolahuella.com/exitosas-estrategias-de-seguridad-son-referente-internacional-en-el-combate-de-las-pandillas/,2023-12-18T09:50:50-06:00,Diario La Huella,Nacionales,Lourdes Rodríguez,Web Page,"Cabe destacar que, desde la puesta en marcha de las estrategias de seguridad y el Régimen de Excepción, El Salvador registra más de 500 días con cero homicidios. "
197,938 servicios de grúas gratuitas en el marco del plan MOP Te Asiste,https://diariolahuella.com/938-servicios-de-gruas-gratuitas-en-el-marco-del-plan-mop-te-asiste/,2023-12-18T09:22:58-06:00,Diario La Huella,Nacionales,Tatiana Tobar,Web Page,El plan continúa destacándose como una respuesta efectiva ante las emergencias viales. 
198,Incrementa número de personas detenidas bajo los efectos del alcohol en 2023,https://diariolahuella.com/incrementa-numero-de-personas-detenidas-bajo-los-efectos-del-alcohol-en-2023/,2023-12-18T08:34:02-06:00,Diario La Huella,Nacionales,Tatiana Tobar,Web Page,"“Solo en diciembre, el aumento de detenidos por este delito es del 97%, esto frente a diciembre de 2022”, señaló el viceministro."
199,Capturan a policías y una taxista pirata que ingresaban objetos prohibidos a bartolinas ,https://diariolahuella.com/capturan-a-policias-y-una-taxista-pirata-que-ingresaban-objetos-prohibidos-a-bartolinas/,2023-12-17T19:14:57-06:00,Diario La Huella,Nacionales,Lourdes Rodríguez,Web Page,"La investigación ha establecido que Jennifer Vanessa Rivas, llevaba teléfonos, droga y chips; se los entregaba a los agentes y éstos los hacían pasar a los capturados."
200,Emiten aviso por ingreso de Vientos Nortes y reducción de temperaturas a nivel nacional ,https://diariolahuella.com/emiten-aviso-por-ingreso-de-vientos-nortes-y-reduccion-de-temperaturas-a-nivel-nacional/,2023-12-17T16:40:09-06:00,Diario La Huella,Nacionales,Lourdes Rodríguez,Web Page,"Los vientos acarrearán aire frío, lo que contribuirá a la reducción en las temperaturas. El frente frío se estará desplazando por el Caribe."
201,Paso vehicular bloqueado en carretera Troncal del Norte ,https://diariolahuella.com/paso-bloqueado-en-carretera-troncal-del-norte/,2023-12-17T12:49:22-06:00,Diario La Huella,Nacionales,Lourdes Rodríguez,Web Page,Solo se reportan daños materiales.
202,Autoridades siguen sacando de circulación a conductores borrachos ,https://diariolahuella.com/autoridades-siguen-sacando-de-circulacion-a-conductores-borrachos/,2023-12-27T14:53:30-06:00,Diario La Huella,Nacionales,Lourdes Rodríguez,Web Page,"Todos serán procesados por conducción peligrosa, informaron las autoridades. "
203,Marero entra en desesperación e intenta ocultar sus tatuajes alusivos a la estructura ,https://diariolahuella.com/marero-entra-en-desesperacion-e-intenta-ocultar-sus-tatuajes-alusivos-a-la-estructura/,2023-12-27T13:37:45-06:00,Diario La Huella,Nacionales,Lourdes Rodríguez,Web Page,Los registros policiales indican que este sujeto ha sido detenido seis veces por agrupaciones ilícitas y en todas fue liberado.
204,Estos son los responsables de asesinar a un salvadoreño en San Vicente ,https://diariolahuella.com/estos-son-los-responsables-de-asesinar-a-un-salvadoreno-en-san-vicente/,2023-12-27T11:10:08-06:00,Diario La Huella,Nacionales,Lourdes Rodríguez,Web Page,"Tras la captura de estos criminales, el Ministro de Seguridad, Gustavo Villatoro, informó que el 90 % de los responsables de los asesinatos cometidos este 2023, ya están tras rejas. "
205,"Despensa de Don Juan será investigada, advierte Ministro de Trabajo",https://diariolahuella.com/despensa-de-don-juan-sera-investigada-advierte-ministro-de-trabajo/,2023-12-27T09:53:47-06:00,Diario La Huella,Nacionales,Lourdes Rodríguez,Web Page,"“Estas empresas solo piensan en hacer cada día más y más dinero, enfocadas solo en su afán de la rentabilidad y ni un segundo piensan en quienes les generan esas ganancias”, condenó Castro. "
206,Hombre muere al interior de su vehículo en San Salvador ,https://diariolahuella.com/hombre-muere-al-interior-de-su-vehiculo-en-san-salvador/,2023-12-27T09:19:38-06:00,Diario La Huella,Nacionales,Lourdes Rodríguez,Web Page,"La víctima ya tenía al menos tres horas de no reaccionar, informaron los cuerpos de socorro. "
207,Realizan monitoreo hidrogeoquímico en el lago de Coatepeque,https://diariolahuella.com/realizan-monitoreo-hidrogeoquimico-en-el-lago-de-coatepeque/,2023-12-27T08:52:21-06:00,Diario La Huella,Nacionales,Lourdes Rodríguez,Web Page,"Las mediciones en el lago de Coatepeque se mantienen por debajo de la línea base, es decir, el umbral de actividad habitual. "
208,Sigue la racha de accidentes de tránsito ,https://diariolahuella.com/sigue-la-racha-de-accidentes-de-transito/,2023-12-27T07:55:47-06:00,Diario La Huella,Nacionales,Lourdes Rodríguez,Web Page,La Policía se ha mantenido en las escenas para realizar las inspecciones correspondiente y deducir responsabilidades.
209,Marero es capturado cuando retornaba a El Salvador ,https://diariolahuella.com/marero-es-capturado-cuando-retornaba-a-el-salvador/,2023-12-22T20:15:03-06:00,Diario La Huella,Nacionales,Lourdes Rodríguez,Web Page,Este sujeto cumplió una condena de 5 años en Guatemala.
210,Economía salvadoreña crece 3.6 % en el tercer trimestre de 2023 ,https://diariolahuella.com/economia-salvadorena-crece-3-6-en-el-tercer-trimestre-de-2023/,2023-12-22T19:05:03-06:00,Diario La Huella,Nacionales,Lourdes Rodríguez,Web Page,"En el tercer trimestre de 2023 se registró crecimiento en 16 de las 19 actividades económicas, destacando por los mayores incrementos: Servicios profesionales, electricidad, construcción, esparcimiento, restaurantes y hoteles y el sector financiero."
211,Cuatro lesionados deja accidente de tránsito en carretera a Suchitoto ,https://diariolahuella.com/cuatro-lesionados-deja-accidente-de-transito-en-carretera-a-suchitoto/,2023-12-22T18:09:58-06:00,Diario La Huella,Nacionales,Lourdes Rodríguez,Web Page,Los bomberos realizaron la inspección para descartar conato de incendio.
212,Se rumora que empresario santaneco Gustavo Acevedo compraría CD FAS,https://diariolahuella.com/se-rumora-que-empresario-santaneco-gustavo-acevedo-compraria-cd-fas/,2023-12-30T16:29:37-06:00,Diario La Huella,Nacionales,Tatiana Tobar,Web Page,"Se espera que en los próximos días, Gustavo Acevedo haga un anuncio oficial sobre esta posible adquisición y comparta su plan para llevar al equipo Tigrillo a la cima del fútbol salvadoreño."
213,Presidente Bukele destaca pronta localización de bebé robado en San Miguel,https://diariolahuella.com/presidente-bukele-destaca-pronta-localizacion-de-bebe-robado-en-san-miguel/,2023-12-30T11:28:48-06:00,Diario La Huella,Nacionales,Tatiana Tobar,Web Page,El bebé recibe atención especializada para descartar posibles lesiones antes de reunirlo con su familia.
214,VIDEO: Mujer finge ser enfermera para robarse un bebé del Hospital de San Miguel,https://diariolahuella.com/video-mujer-finge-ser-enfermera-para-robarse-un-bebe-del-hospital-de-san-miguel/,2023-12-30T09:59:42-06:00,Diario La Huella,Nacionales,Tatiana Tobar,Web Page,Las autoridades de la PNC han anunciado una exhaustiva investigación para esclarecer los detalles y llevar a la mujer ante la justicia.
215,Capturan a sujeto que atacó con machetazos a víctimas en Santa Tecla,https://diariolahuella.com/capturan-a-sujeto-que-ataco-con-machetazos-a-victimas-en-santa-tecla/,2023-12-29T19:03:39-06:00,Diario La Huella,Nacionales,Redacción,Web Page,"La captura de Sánchez Cañenguez se llevó a cabo tras una rápida respuesta de las fuerzas del orden, tras una denuncia en redes sociales."
216,“Frijoles y tortilla”: La cena de Navidad en el CECOT; y la que les espera este fin de año,https://diariolahuella.com/frijoles-y-tortilla-la-cena-de-navidad-en-el-cecot-y-la-que-les-espera-este-fin-de-ano/,2023-12-29T18:53:45-06:00,Diario La Huella,Nacionales,Redacción,Web Page,"Las pandillas sembraron por décadas luto y dolor en el pueblo salvadoreño y ahora lo están pagando con severos tratos en las prisiones y sobre todo en el Centro de Confinamiento del Terrorismo (CECOT).

"
217,Desmantelan red de narcotráfico que operaba bajo la fachada de repartidores de comida de “Pedidos Ya”,https://diariolahuella.com/desmantelan-red-de-narcotrafico-que-operaba-bajo-la-fachada-de-repartidores-de-comida-de-pedidos-ya/,2023-12-29T18:44:24-06:00,Diario La Huella,Nacionales,Redacción,Web Page,Estos sujetos movilizaban droga en una motocicleta con la fachada de repartidores de comida de una aplicación móvil.
218,Nueve sujetos son detenidos por diferentes delitos,https://diariolahuella.com/nueve-sujetos-son-detenidos-por-diferentes-delitos/,2023-12-28T17:47:55-06:00,Diario La Huella,Nacionales,Tatiana Tobar,Web Page,"Los sujetos enfrentarán procesos judiciales por delitos que incluyen homicidio agravado, extorsión agravada y estafa informática."
219,Presencia de vientos nortes y posibilidad de lluvias en El Salvador,https://diariolahuella.com/presencia-de-vientos-nortes-y-posibilidad-de-lluvias-en-el-salvador/,2023-12-28T14:09:54-06:00,Diario La Huella,Nacionales,Tatiana Tobar,Web Page,La población es instada a estar informada sobre las actualizaciones proporcionadas por el MARN y tomar las precauciones necesarias ante posibles cambios en las condiciones climáticas.
220,"Gobierno recupera $800,000 a favor de consumidores",https://diariolahuella.com/gobierno-recupera-800000-a-favor-de-consumidores/,2023-12-28T10:57:14-06:00,Diario La Huella,Nacionales,Tatiana Tobar,Web Page,"Según las autoridades, esta acción está vinculada a denuncias por incumplimientos y cobros indebidos en servicios financieros, venta de productos electrónicos, garantías y otras disposiciones."
221,Hombre asesina a su esposa en San Vicente,https://diariolahuella.com/hombre-asesina-a-su-esposa-en-san-vicente/,2023-12-28T09:25:36-06:00,Diario La Huella,Nacionales,Tatiana Tobar,Web Page,"Tras cometer este horrendo acto, el agresor emprendió una rápida huida, desencadenando una intensa persecución. "
222,Eugenio Chicas cuestiona a EE.UU. por no pronunciarse en contra de las elecciones en El Salvador,https://diariolahuella.com/eugenio-chicas-cuestiona-a-ee-uu-por-no-pronunciarse-en-contra-de-las-elecciones-en-el-salvador/,2023-12-21T11:14:39-06:00,Diario La Huella,Política,Edgar Torres,Web Page,El exfuncionario en gobiernos del FMLN también mantiene que no hay “elecciones justas” y aboga por la deuda política de la oposición. 
223,Joel Sánchez: “Hay un miedo a que ARENA gane las elecciones”,https://diariolahuella.com/joel-sanchez-hay-un-miedo-a-que-arena-gane-las-elecciones/,2023-12-21T10:57:53-06:00,Diario La Huella,Política,Tatiana Tobar,Web Page,"En las más recientes encuestas que han evaluado la intención de voto en El Salvador, el partido ARENA enfrenta un panorama desfavorable, marcando un declive que podría tener repercusiones significativas en las elecciones venideras."
224,Joel Sánchez molesto porque no hay financistas para su campaña en ARENA,https://diariolahuella.com/joel-sanchez-molesto-porque-no-hay-financistas-para-su-campana-en-arena/,2023-12-21T08:57:57-06:00,Diario La Huella,Política,Edgar Torres,Web Page,"El candidato presidencial por ARENA también reclama dinero del Estado para financiar “su campaña de altura”, como él lo califica, de cara a los próximas elecciones."
225,Diputados eliminan presupuesto a ONG’s fachadas,https://diariolahuella.com/diputados-eliminan-presupuesto-a-ongs-fachadas/,2023-12-20T10:48:06-06:00,Diario La Huella,Política,Lourdes Rodríguez,Web Page,"Los anteriores políticos que integraban esa mesa de trabajo negociaban la distribución de fondos públicos para sus propios bolsillos, bajo mecanismos ilegales y a criterio propio."
226,"Nuevas Ideas ganará Presidencia y Asamblea, según Analista",https://diariolahuella.com/nuevas-ideas-ganara-presidencia-y-asamblea-segun-analista/,2023-12-20T08:47:53-06:00,Diario La Huella,Política,Edgar Torres,Web Page,"Desde los comicios del 28 de febrero de 2021 Nuevas Ideas es la primera fuerza política, por lo que analistas auguran éxito en las elecciones de 2024."
227,Presidente de Paraguay dice que Bukele lo inspiró para realizar megaoperativo militar en una cárcel,https://diariolahuella.com/presidente-de-paraguay-dice-que-bukele-lo-inspiro-para-realizar-megaoperativo-militar-en-una-carcel/,2023-12-22T20:52:36-06:00,Diario La Huella,Internacionales,Lourdes Rodríguez,Web Page,"El operativo contó con la participación de 1,500 policías y 1,000 militares, y tenía el fin de recuperar el control de la cárcel y desmantelar un esquema de distribución de drogas."
228,Varios muertos y heridos tras tiroteo en una universidad de Praga,https://diariolahuella.com/varios-muertos-y-heridos-tras-tiroteo-en-una-universidad-de-praga/,2023-12-21T10:28:46-06:00,Diario La Huella,Internacionales,Edgar Torres,Web Page,"La policía, que no ha especificado el número de fallecidos, ha asegurado que el atacante ha muerto."
229,Helicóptero de noticiero se estrella en Nueva Jersey: Dos personas a bordo mueren,https://diariolahuella.com/helicoptero-de-noticiero-se-estrella-en-nueva-jersey-dos-personas-a-bordo-mueren/,2023-12-20T09:30:26-06:00,Diario La Huella,Internacionales,Edgar Torres,Web Page,"Un helicóptero de la cadena Action News se estrelló el martes por la noche en una zona boscosa de Nueva Jersey; dos personas, el piloto y un fotógrafo, murieron. El hecho se encuentra bajo investigación."
230,Eduardo Zelaya: El zar de la moda que impacta en el mundo de la belleza,https://diariolahuella.com/eduardo-zelaya-el-zar-de-la-moda-que-impacta-en-el-mundo-de-la-belleza/,2023-12-22T13:21:46-06:00,Diario La Huella,Trends,Edgar Torres,Web Page,"Zelaya ha logrado destacarse como una figura influyente en el mundo de la moda, siendo reconocido por su estilo único y su capacidad para asesorar a otros en la elección de vestuario."
231,Luis Suárez debutaría con el Inter Miami de Messi en El Salvador,https://diariolahuella.com/luis-suarez-debutaria-con-el-inter-miami-de-messi-en-el-salvador/,2023-12-22T15:50:53-06:00,Diario La Huella,Deportes,Edgar Torres,Web Page,"El Inter Miami jugará su primer partido de pretemporada contra La Selecta en el estadio Cuscatlán, el 19 de enero."
232,Diogo Gama: “Esta es una victoria. ¿Alguna vez un club europeo vino a comprar a un jugador o un entrenador a El Salvador?”,https://diariolahuella.com/diogo-gama-esta-es-una-victoria-alguna-vez-un-club-europeo-vino-a-comprar-a-un-jugador-o-un-entrenador-a-el-salvador/,2023-12-19T14:04:30-06:00,Diario La Huella,Deportes,Edgar Torres,Web Page,"Diogo Gama, director de selecciones nacionales, dijo por su parte que el club que contrata a De la Barrera pagó la cláusula de recisión para su salida, al igual que la de Manu Torres, quien estaba con el proyecto de la sub 20."
